#
# There is insufficient memory for the Java Runtime Environment to continue.
# Native memory allocation (malloc) failed to allocate 7279192 bytes. Error detail: Chunk::new
# Possible reasons:
#   The system is out of physical RAM or swap space
#   This process is running with CompressedOops enabled, and the Java Heap may be blocking the growth of the native heap
# Possible solutions:
#   Reduce memory load on the system
#   Increase physical memory or swap space
#   Check if swap backing store is full
#   Decrease Java heap size (-Xmx/-Xms)
#   Decrease number of Java threads
#   Decrease Java thread stack sizes (-Xss)
#   Set larger code cache with -XX:ReservedCodeCacheSize=
#   JVM is running with Zero Based Compressed Oops mode in which the Java heap is
#     placed in the first 32GB address space. The Java Heap base address is the
#     maximum limit for the native heap growth. Please use -XX:HeapBaseMinAddress
#     to set the Java Heap base and to place the Java Heap above 32GB virtual address.
# This output file may be truncated or incomplete.
#
#  Out of Memory Error (arena.cpp:186), pid=3024, tid=12348
#
# JRE version: OpenJDK Runtime Environment (25.0.2) (build 25.0.2+-15348964-b329.117)
# Java VM: OpenJDK 64-Bit Server VM (25.0.2+-15348964-b329.117, mixed mode, tiered, compressed oops, compressed class ptrs, g1 gc, windows-amd64)
# No core dump will be written. Minidumps are not enabled by default on client versions of Windows
#

---------------  S U M M A R Y ------------

Command Line: --add-opens=java.base/java.lang=ALL-UNNAMED --add-opens=java.base/java.lang.invoke=ALL-UNNAMED --add-opens=java.base/java.util=ALL-UNNAMED --add-opens=java.prefs/java.util.prefs=ALL-UNNAMED --add-exports=jdk.compiler/com.sun.tools.javac.api=ALL-UNNAMED --add-exports=jdk.compiler/com.sun.tools.javac.util=ALL-UNNAMED --add-opens=java.base/java.nio.charset=ALL-UNNAMED --add-opens=java.base/java.net=ALL-UNNAMED --add-opens=java.base/java.util.concurrent=ALL-UNNAMED --add-opens=java.base/java.util.concurrent.atomic=ALL-UNNAMED --add-opens=java.xml/javax.xml.namespace=ALL-UNNAMED --add-opens=java.base/java.time=ALL-UNNAMED --enable-native-access=ALL-UNNAMED -Xmx4g -Dfile.encoding=UTF-8 -Duser.country=US -Duser.language=en -Duser.variant -javaagent:C:\Users\DELL\.gradle\wrapper\dists\gradle-9.6.1-bin\4ticwg1pgcbps2hj28r8so764\gradle-9.6.1\lib\agents\gradle-instrumentation-agent-9.6.1.jar org.gradle.launcher.daemon.bootstrap.GradleDaemon 9.6.1

Host: 11th Gen Intel(R) Core(TM) i5-1135G7 @ 2.40GHz, 8 cores, 7G,  Windows 11 , 64 bit Build 26100 (10.0.26100.8875)
Time: Mon Aug 10 13:19:53 2026 E. Africa Standard Time elapsed time: 982.539006 seconds (0d 0h 16m 22s)

---------------  T H R E A D  ---------------

Current thread (0x0000016a7a012db0):  JavaThread "C2 CompilerThread0" daemon [_thread_in_native, id=12348, stack(0x00000016c9c00000,0x00000016c9d00000) (1024K)]


Current CompileTask:
C2:982539 26839       4       org.gradle.api.internal.artifacts.ivyservice.resolveengine.graph.builder.NodeState::computeFilteredEdges (84 bytes)

Stack: [0x00000016c9c00000,0x00000016c9d00000]
Native frames: (J=compiled Java code, j=interpreted, Vv=VM code, C=native code)
V  [jvm.dll+0x7bd439]  (no source info available)
V  [jvm.dll+0x78763d]  (no source info available)
V  [jvm.dll+0xa0c885]  (no source info available)
V  [jvm.dll+0xa0ef04]  (no source info available)
V  [jvm.dll+0xa0f603]  (no source info available)
V  [jvm.dll+0x309bf6]  (no source info available)
V  [jvm.dll+0x10ea69]  (no source info available)
V  [jvm.dll+0x10ed92]  (no source info available)
V  [jvm.dll+0x1a9837]  (no source info available)
V  [jvm.dll+0x3bec92]  (no source info available)
V  [jvm.dll+0x7c2cb7]  (no source info available)
V  [jvm.dll+0x2ce046]  (no source info available)
V  [jvm.dll+0x2cd221]  (no source info available)
V  [jvm.dll+0x242ffa]  (no source info available)
V  [jvm.dll+0x2dcc05]  (no source info available)
V  [jvm.dll+0x2dae06]  (no source info available)
V  [jvm.dll+0x49b59e]  (no source info available)
V  [jvm.dll+0x9ab9c8]  (no source info available)
V  [jvm.dll+0x7bb985]  (no source info available)
C  [ucrtbase.dll+0x2cd30]  (no source info available)
C  [KERNEL32.DLL+0x2e957]  (no source info available)
C  [ntdll.dll+0xaad6c]  (no source info available)

Lock stack of current Java thread (top to bottom):


---------------  P R O C E S S  ---------------

Threads class SMR info:
_java_thread_list=0x0000016a7b2f0690, length=53, elements={
0x0000016a5b7627d0, 0x0000016a75a85e90, 0x0000016a75a96f20, 0x0000016a75a86a50,
0x0000016a75a88620, 0x0000016a75a891e0, 0x0000016a7a0115d0, 0x0000016a7a011d90,
0x0000016a7a012db0, 0x0000016a7a044640, 0x0000016a7a429fd0, 0x0000016a7b8686c0,
0x0000016a7beadfe0, 0x0000016a7c691220, 0x0000016a7d354610, 0x0000016a7d351f00,
0x0000016a7d353670, 0x0000016a7d357cc0, 0x0000016a7e16b0b0, 0x0000016a7e169940,
0x0000016a7e169170, 0x0000016a7e16c050, 0x0000016a7e1689a0, 0x0000016a7e16c820,
0x0000016a7e16a110, 0x0000016a7e16df90, 0x0000016a7e16ef30, 0x0000016a7ea31670,
0x0000016a7ca6ba50, 0x0000016a00620930, 0x0000016a0061f990, 0x0000016a0061d280,
0x0000016a006218d0, 0x0000016a00627e60, 0x0000016a0062cc80, 0x0000016a0062f390,
0x0000016a006312d0, 0x0000016a00630b00, 0x0000016a00622870, 0x0000016a00621100,
0x0000016a00631aa0, 0x0000016a00635920, 0x0000016a006339e0, 0x0000016a00637860,
0x0000016a00638030, 0x0000016a006397a0, 0x0000016a0890abd0, 0x0000016a08909460,
0x0000016a08908c90, 0x0000016a08909c30, 0x0000016a0890cb10, 0x0000016a0890c340,
0x0000016a07e449f0
}

Java Threads: ( => current thread )
  0x0000016a5b7627d0 JavaThread "main"                              [_thread_blocked, id=6424, stack(0x00000016c8d00000,0x00000016c8e00000) (1024K)]
  0x0000016a75a85e90 JavaThread "Common-Cleaner"             daemon [_thread_blocked, id=8896, stack(0x00000016c9500000,0x00000016c9600000) (1024K)]
  0x0000016a75a96f20 JavaThread "Reference Handler"          daemon [_thread_blocked, id=8180, stack(0x00000016c9600000,0x00000016c9700000) (1024K)]
  0x0000016a75a86a50 JavaThread "Finalizer"                  daemon [_thread_blocked, id=15064, stack(0x00000016c9700000,0x00000016c9800000) (1024K)]
  0x0000016a75a88620 JavaThread "Signal Dispatcher"          daemon [_thread_blocked, id=1032, stack(0x00000016c9800000,0x00000016c9900000) (1024K)]
  0x0000016a75a891e0 JavaThread "Attach Listener"            daemon [_thread_blocked, id=4348, stack(0x00000016c9900000,0x00000016c9a00000) (1024K)]
  0x0000016a7a0115d0 JavaThread "Service Thread"             daemon [_thread_blocked, id=1532, stack(0x00000016c9a00000,0x00000016c9b00000) (1024K)]
  0x0000016a7a011d90 JavaThread "Monitor Deflation Thread"   daemon [_thread_blocked, id=13396, stack(0x00000016c9b00000,0x00000016c9c00000) (1024K)]
=>0x0000016a7a012db0 JavaThread "C2 CompilerThread0"         daemon [_thread_in_native, id=12348, stack(0x00000016c9c00000,0x00000016c9d00000) (1024K)]
  0x0000016a7a044640 JavaThread "C1 CompilerThread0"         daemon [_thread_blocked, id=5720, stack(0x00000016c9d00000,0x00000016c9e00000) (1024K)]
  0x0000016a7a429fd0 JavaThread "Notification Thread"        daemon [_thread_blocked, id=14272, stack(0x00000016c9e00000,0x00000016c9f00000) (1024K)]
  0x0000016a7b8686c0 JavaThread "Daemon health stats"               [_thread_blocked, id=7824, stack(0x00000016ca500000,0x00000016ca600000) (1024K)]
  0x0000016a7beadfe0 JavaThread "Incoming local TCP Connector on port 49753"        [_thread_in_native, id=5136, stack(0x00000016ca800000,0x00000016ca900000) (1024K)]
  0x0000016a7c691220 JavaThread "Daemon periodic checks"            [_thread_blocked, id=13672, stack(0x00000016ca900000,0x00000016caa00000) (1024K)]
  0x0000016a7d354610 JavaThread "Cache worker for journal cache (C:\Users\DELL\.gradle\caches\journal-1)"        [_thread_blocked, id=12952, stack(0x00000016cb200000,0x00000016cb300000) (1024K)]
  0x0000016a7d351f00 JavaThread "File lock request listener"        [_thread_in_native, id=3356, stack(0x00000016cb300000,0x00000016cb400000) (1024K)]
  0x0000016a7d353670 JavaThread "Cache worker for file hash cache (C:\Users\DELL\.gradle\caches\9.6.1\fileHashes)"        [_thread_blocked, id=1288, stack(0x00000016cb400000,0x00000016cb500000) (1024K)]
  0x0000016a7d357cc0 JavaThread "File watcher server"        daemon [_thread_in_native, id=9864, stack(0x00000016cb800000,0x00000016cb900000) (1024K)]
  0x0000016a7e16b0b0 JavaThread "File watcher consumer"      daemon [_thread_blocked, id=4276, stack(0x00000016cb900000,0x00000016cba00000) (1024K)]
  0x0000016a7e169940 JavaThread "jar transforms"                    [_thread_blocked, id=11256, stack(0x00000016cba00000,0x00000016cbb00000) (1024K)]
  0x0000016a7e169170 JavaThread "jar transforms Thread 2"           [_thread_blocked, id=8380, stack(0x00000016cbb00000,0x00000016cbc00000) (1024K)]
  0x0000016a7e16c050 JavaThread "jar transforms Thread 3"           [_thread_blocked, id=12416, stack(0x00000016cbc00000,0x00000016cbd00000) (1024K)]
  0x0000016a7e1689a0 JavaThread "jar transforms Thread 4"           [_thread_blocked, id=13968, stack(0x00000016cbd00000,0x00000016cbe00000) (1024K)]
  0x0000016a7e16c820 JavaThread "jar transforms Thread 5"           [_thread_blocked, id=5560, stack(0x00000016cbe00000,0x00000016cbf00000) (1024K)]
  0x0000016a7e16a110 JavaThread "jar transforms Thread 6"           [_thread_blocked, id=14800, stack(0x00000016cbf00000,0x00000016cc000000) (1024K)]
  0x0000016a7e16df90 JavaThread "jar transforms Thread 7"           [_thread_blocked, id=6028, stack(0x00000016cc000000,0x00000016cc100000) (1024K)]
  0x0000016a7e16ef30 JavaThread "jar transforms Thread 8"           [_thread_blocked, id=864, stack(0x00000016cc100000,0x00000016cc200000) (1024K)]
  0x0000016a7ea31670 JavaThread "Cache worker for file content cache (C:\Users\DELL\.gradle\caches\9.6.1\fileContent)"        [_thread_blocked, id=2008, stack(0x00000016cc200000,0x00000016cc300000) (1024K)]
  0x0000016a7ca6ba50 JavaThread "Memory manager"                    [_thread_blocked, id=13348, stack(0x00000016cc900000,0x00000016cca00000) (1024K)]
  0x0000016a00620930 JavaThread "Daemon Thread 2"                   [_thread_blocked, id=13216, stack(0x00000016c8a00000,0x00000016c8b00000) (1024K)]
  0x0000016a0061f990 JavaThread "Handler for socket connection from /127.0.0.1:49753 to /127.0.0.1:49352"        [_thread_in_native, id=8900, stack(0x00000016c8b00000,0x00000016c8c00000) (1024K)]
  0x0000016a0061d280 JavaThread "Cancel handler"                    [_thread_blocked, id=7740, stack(0x00000016caa00000,0x00000016cab00000) (1024K)]
  0x0000016a006218d0 JavaThread "Daemon worker Thread 2"            [_thread_in_vm, id=4468, stack(0x00000016cab00000,0x00000016cac00000) (1024K)]
  0x0000016a00627e60 JavaThread "Asynchronous log dispatcher for DefaultDaemonConnection: socket connection from /127.0.0.1:49753 to /127.0.0.1:49352"        [_thread_blocked, id=2196, stack(0x00000016cac00000,0x00000016cad00000) (1024K)]
  0x0000016a0062cc80 JavaThread "Stdin handler"                     [_thread_blocked, id=336, stack(0x00000016cae00000,0x00000016caf00000) (1024K)]
  0x0000016a0062f390 JavaThread "Daemon client event forwarder"        [_thread_blocked, id=6352, stack(0x00000016caf00000,0x00000016cb000000) (1024K)]
  0x0000016a006312d0 JavaThread "Cache worker for file hash cache (D:\me\XAGUSD\WIN\ls\.gradle\9.6.1\fileHashes)"        [_thread_blocked, id=2972, stack(0x00000016cb000000,0x00000016cb100000) (1024K)]
  0x0000016a00630b00 JavaThread "Cache worker for Build Output Cleanup Cache (D:\me\XAGUSD\WIN\ls\.gradle\buildOutputCleanup)"        [_thread_blocked, id=9452, stack(0x00000016cb100000,0x00000016cb200000) (1024K)]
  0x0000016a00622870 JavaThread "Cache worker for checksums cache (D:\me\XAGUSD\WIN\ls\.gradle\9.6.1\checksums)"        [_thread_blocked, id=12864, stack(0x00000016c8c00000,0x00000016c8d00000) (1024K)]
  0x0000016a00621100 JavaThread "Cache worker for cache directory md-supplier (C:\Users\DELL\.gradle\caches\9.6.1\md-supplier)"        [_thread_blocked, id=11448, stack(0x00000016c9f00000,0x00000016ca000000) (1024K)]
  0x0000016a00631aa0 JavaThread "Cache worker for cache directory md-rule (C:\Users\DELL\.gradle\caches\9.6.1\md-rule)"        [_thread_blocked, id=4100, stack(0x00000016cb500000,0x00000016cb600000) (1024K)]
  0x0000016a00635920 JavaThread "Build operations"                  [_thread_blocked, id=11300, stack(0x00000016cb700000,0x00000016cb800000) (1024K)]
  0x0000016a006339e0 JavaThread "Build operations Thread 2"         [_thread_blocked, id=10336, stack(0x00000016cc300000,0x00000016cc400000) (1024K)]
  0x0000016a00637860 JavaThread "Build operations Thread 3"         [_thread_blocked, id=13612, stack(0x00000016cb600000,0x00000016cb700000) (1024K)]
  0x0000016a00638030 JavaThread "Build operations Thread 4"         [_thread_blocked, id=1228, stack(0x00000016cc400000,0x00000016cc500000) (1024K)]
  0x0000016a006397a0 JavaThread "Problems report writer"            [_thread_blocked, id=7368, stack(0x00000016cc500000,0x00000016cc600000) (1024K)]
  0x0000016a0890abd0 JavaThread "included builds"                   [_thread_blocked, id=13252, stack(0x00000016cc600000,0x00000016cc700000) (1024K)]
  0x0000016a08909460 JavaThread "Execution worker"                  [_thread_blocked, id=11460, stack(0x00000016cc700000,0x00000016cc800000) (1024K)]
  0x0000016a08908c90 JavaThread "Execution worker Thread 2"         [_thread_blocked, id=9752, stack(0x00000016cc800000,0x00000016cc900000) (1024K)]
  0x0000016a08909c30 JavaThread "Execution worker Thread 3"         [_thread_blocked, id=6908, stack(0x00000016cca00000,0x00000016ccb00000) (1024K)]
  0x0000016a0890cb10 JavaThread "Cache worker for execution history cache (D:\me\XAGUSD\WIN\ls\.gradle\9.6.1\executionHistory)"        [_thread_blocked, id=8396, stack(0x00000016ccb00000,0x00000016ccc00000) (1024K)]
  0x0000016a0890c340 JavaThread "idea-tooling-model-converter"        [_thread_blocked, id=7476, stack(0x00000016ccc00000,0x00000016ccd00000) (1024K)]
  0x0000016a07e449f0 JavaThread "C2 CompilerThread1"         daemon [_thread_in_native, id=13980, stack(0x00000016ccd00000,0x00000016cce00000) (1024K)]
Total: 53

Other Threads:
  0x0000016a75a64fc0 VMThread "VM Thread"                           [id=6952, stack(0x00000016c9400000,0x00000016c9500000) (1024K)]
  0x0000016a759e2a60 WatcherThread "VM Periodic Task Thread"        [id=9304, stack(0x00000016c9300000,0x00000016c9400000) (1024K)]
  0x0000016a5b7cbac0 WorkerThread "GC Thread#0"                     [id=14000, stack(0x00000016c8e00000,0x00000016c8f00000) (1024K)]
  0x0000016a7b41ab80 WorkerThread "GC Thread#1"                     [id=15012, stack(0x00000016ca000000,0x00000016ca100000) (1024K)]
  0x0000016a7b48fce0 WorkerThread "GC Thread#2"                     [id=9064, stack(0x00000016ca100000,0x00000016ca200000) (1024K)]
  0x0000016a7b440310 WorkerThread "GC Thread#3"                     [id=8500, stack(0x00000016ca200000,0x00000016ca300000) (1024K)]
  0x0000016a7b440740 WorkerThread "GC Thread#4"                     [id=11896, stack(0x00000016ca300000,0x00000016ca400000) (1024K)]
  0x0000016a7b4425a0 WorkerThread "GC Thread#5"                     [id=5724, stack(0x00000016ca400000,0x00000016ca500000) (1024K)]
  0x0000016a7b4429f0 WorkerThread "GC Thread#6"                     [id=11652, stack(0x00000016ca600000,0x00000016ca700000) (1024K)]
  0x0000016a7b440bc0 WorkerThread "GC Thread#7"                     [id=14320, stack(0x00000016ca700000,0x00000016ca800000) (1024K)]
  0x0000016a59429fa0 ConcurrentGCThread "G1 Main Marker"            [id=2916, stack(0x00000016c8f00000,0x00000016c9000000) (1024K)]
  0x0000016a5942b6b0 WorkerThread "G1 Conc#0"                       [id=4200, stack(0x00000016c9000000,0x00000016c9100000) (1024K)]
  0x0000016a7b443290 WorkerThread "G1 Conc#1"                       [id=12368, stack(0x00000016cad00000,0x00000016cae00000) (1024K)]
  0x0000016a5b81e370 ConcurrentGCThread "G1 Refine#0"               [id=13160, stack(0x00000016c9100000,0x00000016c9200000) (1024K)]
  0x0000016a758b1fd0 ConcurrentGCThread "G1 Service"                [id=4616, stack(0x00000016c9200000,0x00000016c9300000) (1024K)]
Total: 15

Threads with active compile tasks:
C2 CompilerThread0  982788 26839       4       org.gradle.api.internal.artifacts.ivyservice.resolveengine.graph.builder.NodeState::computeFilteredEdges (84 bytes)
C2 CompilerThread1  982789 26858       4       org.gradle.api.internal.artifacts.result.DefaultResolvedComponentResult::eachElement (89 bytes)
Total: 2

VM state: not at safepoint (normal execution)

VM Mutex/Monitor currently owned by a thread:  ([mutex/lock_event])
[0x00007ffab9e32318] Metaspace_lock - owner thread: 0x0000016a006218d0

Heap address: 0x0000000700000000, size: 4096 MB, Compressed Oops mode: Zero based, Oop shift amount: 3

CDS archive(s) not mapped
Compressed class space mapped at: 0x000000003c000000-0x000000007c000000, reserved size: 1073741824
UseCompressedClassPointers 1, UseCompactObjectHeaders 0
Narrow klass pointer bits 32, Max shift 3
Narrow klass base: 0x0000000000000000, Narrow klass shift: 0
Encoding Range: [0x0000000000000000 - 0x0000000100000000), (4294967296 bytes)
Klass Range:    [0x000000003c000000 - 0x000000007c000000), (1073741824 bytes)
Klass ID Range:  [1006632960 - 2080374777) (1073741817)
No protection zone.

GC Precious Log:
 CardTable entry size: 512
 Card Set container configuration: InlinePtr #cards 4 size 8 Array Of Cards #cards 16 size 48 Howl #buckets 8 coarsen threshold 3686 Howl Bitmap #cards 512 size 80 coarsen threshold 460 Card regions per heap region 1 cards per card region 4096
 CPUs: 8 total, 8 available
 Memory: 7872M
 Large Page Support: Disabled
 NUMA Support: Disabled
 Compressed Oops: Enabled (Zero based)
 Heap Region Size: 2M
 Heap Min Capacity: 8M
 Heap Initial Capacity: 124M
 Heap Max Capacity: 4G
 Pre-touch: Disabled
 Parallel Workers: 8
 Concurrent Workers: 2
 Concurrent Refinement Workers: 8
 Periodic GC: Disabled

Heap:
 garbage-first heap   total reserved 4194304K, committed 305152K, used 241303K [0x0000000700000000, 0x0000000800000000)
  region size 2048K, 32 young (65536K), 7 survivors (14336K)

Heap Regions: E=young(eden), S=young(survivor), O=old, HS=humongous(starts), HC=humongous(continues), CS=collection set, F=free, TAMS=top-at-mark-start, PB=parsable bottom
|   0|0x0000000700000000, 0x0000000700200000, 0x0000000700200000|100%|HS|  |TAMS 0x0000000700000000| PB 0x0000000700000000| Complete |  0
|   1|0x0000000700200000, 0x0000000700400000, 0x0000000700400000|100%|HC|  |TAMS 0x0000000700200000| PB 0x0000000700200000| Complete |  0
|   2|0x0000000700400000, 0x0000000700600000, 0x0000000700600000|100%| O|  |TAMS 0x0000000700400000| PB 0x0000000700400000| Untracked |  0
|   3|0x0000000700600000, 0x0000000700800000, 0x0000000700800000|100%| O|  |TAMS 0x0000000700600000| PB 0x0000000700600000| Untracked |  0
|   4|0x0000000700800000, 0x0000000700a00000, 0x0000000700a00000|100%| O|  |TAMS 0x0000000700800000| PB 0x0000000700800000| Untracked |  0
|   5|0x0000000700a00000, 0x0000000700c00000, 0x0000000700c00000|100%| O|  |TAMS 0x0000000700a00000| PB 0x0000000700a00000| Untracked |  0
|   6|0x0000000700c00000, 0x0000000700e00000, 0x0000000700e00000|100%| O|  |TAMS 0x0000000700c00000| PB 0x0000000700c00000| Untracked |  0
|   7|0x0000000700e00000, 0x0000000701000000, 0x0000000701000000|100%| O|  |TAMS 0x0000000700e00000| PB 0x0000000700e00000| Untracked |  0
|   8|0x0000000701000000, 0x0000000701200000, 0x0000000701200000|100%| O|  |TAMS 0x0000000701000000| PB 0x0000000701000000| Untracked |  0
|   9|0x0000000701200000, 0x0000000701400000, 0x0000000701400000|100%| O|  |TAMS 0x0000000701200000| PB 0x0000000701200000| Untracked |  0
|  10|0x0000000701400000, 0x0000000701600000, 0x0000000701600000|100%| O|  |TAMS 0x0000000701400000| PB 0x0000000701400000| Untracked |  0
|  11|0x0000000701600000, 0x0000000701800000, 0x0000000701800000|100%| O|  |TAMS 0x0000000701600000| PB 0x0000000701600000| Untracked |  0
|  12|0x0000000701800000, 0x0000000701a00000, 0x0000000701a00000|100%|HS|  |TAMS 0x0000000701800000| PB 0x0000000701800000| Complete |  0
|  13|0x0000000701a00000, 0x0000000701c00000, 0x0000000701c00000|100%|HC|  |TAMS 0x0000000701a00000| PB 0x0000000701a00000| Complete |  0
|  14|0x0000000701c00000, 0x0000000701e00000, 0x0000000701e00000|100%|HC|  |TAMS 0x0000000701c00000| PB 0x0000000701c00000| Complete |  0
|  15|0x0000000701e00000, 0x0000000702000000, 0x0000000702000000|100%| O|  |TAMS 0x0000000701e00000| PB 0x0000000701e00000| Untracked |  0
|  16|0x0000000702000000, 0x0000000702200000, 0x0000000702200000|100%| O|  |TAMS 0x0000000702000000| PB 0x0000000702000000| Untracked |  0
|  17|0x0000000702200000, 0x0000000702400000, 0x0000000702400000|100%| O|  |TAMS 0x0000000702200000| PB 0x0000000702200000| Untracked |  0
|  18|0x0000000702400000, 0x0000000702600000, 0x0000000702600000|100%| O|  |TAMS 0x0000000702400000| PB 0x0000000702400000| Untracked |  0
|  19|0x0000000702600000, 0x0000000702800000, 0x0000000702800000|100%|HS|  |TAMS 0x0000000702600000| PB 0x0000000702600000| Complete |  0
|  20|0x0000000702800000, 0x0000000702a00000, 0x0000000702a00000|100%|HC|  |TAMS 0x0000000702800000| PB 0x0000000702800000| Complete |  0
|  21|0x0000000702a00000, 0x0000000702c00000, 0x0000000702c00000|100%|HC|  |TAMS 0x0000000702a00000| PB 0x0000000702a00000| Complete |  0
|  22|0x0000000702c00000, 0x0000000702e00000, 0x0000000702e00000|100%| O|  |TAMS 0x0000000702c00000| PB 0x0000000702c00000| Untracked |  0
|  23|0x0000000702e00000, 0x0000000703000000, 0x0000000703000000|100%|HS|  |TAMS 0x0000000702e00000| PB 0x0000000702e00000| Complete |  0
|  24|0x0000000703000000, 0x0000000703200000, 0x0000000703200000|100%| O|  |TAMS 0x0000000703000000| PB 0x0000000703000000| Untracked |  0
|  25|0x0000000703200000, 0x0000000703400000, 0x0000000703400000|100%| O|  |TAMS 0x0000000703200000| PB 0x0000000703200000| Untracked |  0
|  26|0x0000000703400000, 0x0000000703600000, 0x0000000703600000|100%| O|  |TAMS 0x0000000703400000| PB 0x0000000703400000| Untracked |  0
|  27|0x0000000703600000, 0x0000000703800000, 0x0000000703800000|100%|HS|  |TAMS 0x0000000703600000| PB 0x0000000703600000| Complete |  0
|  28|0x0000000703800000, 0x0000000703a00000, 0x0000000703a00000|100%| O|  |TAMS 0x0000000703800000| PB 0x0000000703800000| Untracked |  0
|  29|0x0000000703a00000, 0x0000000703c00000, 0x0000000703c00000|100%| O|  |TAMS 0x0000000703a00000| PB 0x0000000703a00000| Untracked |  0
|  30|0x0000000703c00000, 0x0000000703e00000, 0x0000000703e00000|100%| O|  |TAMS 0x0000000703c00000| PB 0x0000000703c00000| Untracked |  0
|  31|0x0000000703e00000, 0x0000000704000000, 0x0000000704000000|100%| O|  |TAMS 0x0000000703e00000| PB 0x0000000703e00000| Untracked |  0
|  32|0x0000000704000000, 0x0000000704200000, 0x0000000704200000|100%| O|  |TAMS 0x0000000704000000| PB 0x0000000704000000| Untracked |  0
|  33|0x0000000704200000, 0x0000000704400000, 0x0000000704400000|100%| O|  |TAMS 0x0000000704200000| PB 0x0000000704200000| Untracked |  0
|  34|0x0000000704400000, 0x0000000704600000, 0x0000000704600000|100%| O|  |TAMS 0x0000000704400000| PB 0x0000000704400000| Untracked |  0
|  35|0x0000000704600000, 0x0000000704800000, 0x0000000704800000|100%| O|  |TAMS 0x0000000704600000| PB 0x0000000704600000| Untracked |  0
|  36|0x0000000704800000, 0x0000000704a00000, 0x0000000704a00000|100%| O|  |TAMS 0x0000000704800000| PB 0x0000000704800000| Untracked |  0
|  37|0x0000000704a00000, 0x0000000704c00000, 0x0000000704c00000|100%| O|  |TAMS 0x0000000704a00000| PB 0x0000000704a00000| Untracked |  0
|  38|0x0000000704c00000, 0x0000000704e00000, 0x0000000704e00000|100%| O|  |TAMS 0x0000000704c00000| PB 0x0000000704c00000| Untracked |  0
|  39|0x0000000704e00000, 0x0000000705000000, 0x0000000705000000|100%| O|  |TAMS 0x0000000704e00000| PB 0x0000000704e00000| Untracked |  0
|  40|0x0000000705000000, 0x0000000705200000, 0x0000000705200000|100%| O|  |TAMS 0x0000000705000000| PB 0x0000000705000000| Untracked |  0
|  41|0x0000000705200000, 0x0000000705400000, 0x0000000705400000|100%| O|  |TAMS 0x0000000705200000| PB 0x0000000705200000| Untracked |  0
|  42|0x0000000705400000, 0x0000000705600000, 0x0000000705600000|100%| O|  |TAMS 0x0000000705400000| PB 0x0000000705400000| Untracked |  0
|  43|0x0000000705600000, 0x0000000705800000, 0x0000000705800000|100%| O|  |TAMS 0x0000000705600000| PB 0x0000000705600000| Untracked |  0
|  44|0x0000000705800000, 0x0000000705800000, 0x0000000705a00000|  0%| F|  |TAMS 0x0000000705800000| PB 0x0000000705800000| Untracked |  0
|  45|0x0000000705a00000, 0x0000000705c00000, 0x0000000705c00000|100%| O|  |TAMS 0x0000000705a00000| PB 0x0000000705a00000| Untracked |  0
|  46|0x0000000705c00000, 0x0000000705e00000, 0x0000000705e00000|100%| O|  |TAMS 0x0000000705c00000| PB 0x0000000705c00000| Untracked |  0
|  47|0x0000000705e00000, 0x0000000706000000, 0x0000000706000000|100%| O|  |TAMS 0x0000000705e00000| PB 0x0000000705e00000| Untracked |  0
|  48|0x0000000706000000, 0x0000000706200000, 0x0000000706200000|100%| O|  |TAMS 0x0000000706000000| PB 0x0000000706000000| Untracked |  0
|  49|0x0000000706200000, 0x0000000706400000, 0x0000000706400000|100%| O|  |TAMS 0x0000000706200000| PB 0x0000000706200000| Untracked |  0
|  50|0x0000000706400000, 0x0000000706600000, 0x0000000706600000|100%| O|  |TAMS 0x0000000706400000| PB 0x0000000706400000| Untracked |  0
|  51|0x0000000706600000, 0x0000000706800000, 0x0000000706800000|100%| O|  |TAMS 0x0000000706600000| PB 0x0000000706600000| Untracked |  0
|  52|0x0000000706800000, 0x0000000706a00000, 0x0000000706a00000|100%| O|  |TAMS 0x0000000706800000| PB 0x0000000706800000| Untracked |  0
|  53|0x0000000706a00000, 0x0000000706c00000, 0x0000000706c00000|100%| O|  |TAMS 0x0000000706a00000| PB 0x0000000706a00000| Untracked |  0
|  54|0x0000000706c00000, 0x0000000706c00000, 0x0000000706e00000|  0%| F|  |TAMS 0x0000000706c00000| PB 0x0000000706c00000| Untracked |  0
|  55|0x0000000706e00000, 0x0000000707000000, 0x0000000707000000|100%| O|  |TAMS 0x0000000706e00000| PB 0x0000000706e00000| Untracked |  0
|  56|0x0000000707000000, 0x0000000707200000, 0x0000000707200000|100%| O|  |TAMS 0x0000000707000000| PB 0x0000000707000000| Untracked |  0
|  57|0x0000000707200000, 0x0000000707400000, 0x0000000707400000|100%| O|  |TAMS 0x0000000707200000| PB 0x0000000707200000| Untracked |  0
|  58|0x0000000707400000, 0x0000000707600000, 0x0000000707600000|100%| O|  |TAMS 0x0000000707400000| PB 0x0000000707400000| Untracked |  0
|  59|0x0000000707600000, 0x0000000707800000, 0x0000000707800000|100%| O|  |TAMS 0x0000000707600000| PB 0x0000000707600000| Untracked |  0
|  60|0x0000000707800000, 0x0000000707a00000, 0x0000000707a00000|100%| O|  |TAMS 0x0000000707800000| PB 0x0000000707800000| Untracked |  0
|  61|0x0000000707a00000, 0x0000000707c00000, 0x0000000707c00000|100%| O|  |TAMS 0x0000000707a00000| PB 0x0000000707a00000| Untracked |  0
|  62|0x0000000707c00000, 0x0000000707e00000, 0x0000000707e00000|100%| O|  |TAMS 0x0000000707c00000| PB 0x0000000707c00000| Untracked |  0
|  63|0x0000000707e00000, 0x0000000708000000, 0x0000000708000000|100%| O|  |TAMS 0x0000000707e00000| PB 0x0000000707e00000| Untracked |  0
|  64|0x0000000708000000, 0x0000000708200000, 0x0000000708200000|100%| O|  |TAMS 0x0000000708000000| PB 0x0000000708000000| Untracked |  0
|  65|0x0000000708200000, 0x0000000708400000, 0x0000000708400000|100%| O|  |TAMS 0x0000000708200000| PB 0x0000000708200000| Untracked |  0
|  66|0x0000000708400000, 0x0000000708600000, 0x0000000708600000|100%| O|  |TAMS 0x0000000708400000| PB 0x0000000708400000| Untracked |  0
|  67|0x0000000708600000, 0x0000000708800000, 0x0000000708800000|100%| O|  |TAMS 0x0000000708600000| PB 0x0000000708600000| Untracked |  0
|  68|0x0000000708800000, 0x0000000708a00000, 0x0000000708a00000|100%| O|  |TAMS 0x0000000708800000| PB 0x0000000708800000| Untracked |  0
|  69|0x0000000708a00000, 0x0000000708c00000, 0x0000000708c00000|100%| O|  |TAMS 0x0000000708a00000| PB 0x0000000708a00000| Untracked |  0
|  70|0x0000000708c00000, 0x0000000708e00000, 0x0000000708e00000|100%| O|  |TAMS 0x0000000708c00000| PB 0x0000000708c00000| Untracked |  0
|  71|0x0000000708e00000, 0x0000000709000000, 0x0000000709000000|100%| O|  |TAMS 0x0000000708e00000| PB 0x0000000708e00000| Untracked |  0
|  72|0x0000000709000000, 0x0000000709200000, 0x0000000709200000|100%| O|  |TAMS 0x0000000709000000| PB 0x0000000709000000| Untracked |  0
|  73|0x0000000709200000, 0x0000000709400000, 0x0000000709400000|100%| O|  |TAMS 0x0000000709200000| PB 0x0000000709200000| Untracked |  0
|  74|0x0000000709400000, 0x0000000709600000, 0x0000000709600000|100%| O|  |TAMS 0x0000000709400000| PB 0x0000000709400000| Untracked |  0
|  75|0x0000000709600000, 0x0000000709800000, 0x0000000709800000|100%| S|CS|TAMS 0x0000000709600000| PB 0x0000000709600000| Complete |  0
|  76|0x0000000709800000, 0x0000000709a00000, 0x0000000709a00000|100%| S|CS|TAMS 0x0000000709800000| PB 0x0000000709800000| Complete |  0
|  77|0x0000000709a00000, 0x0000000709c00000, 0x0000000709c00000|100%| S|CS|TAMS 0x0000000709a00000| PB 0x0000000709a00000| Complete |  0
|  78|0x0000000709c00000, 0x0000000709e00000, 0x0000000709e00000|100%| S|CS|TAMS 0x0000000709c00000| PB 0x0000000709c00000| Complete |  0
|  79|0x0000000709e00000, 0x000000070a000000, 0x000000070a000000|100%| O|  |TAMS 0x0000000709e00000| PB 0x0000000709e00000| Untracked |  0
|  80|0x000000070a000000, 0x000000070a200000, 0x000000070a200000|100%| O|  |TAMS 0x000000070a000000| PB 0x000000070a000000| Untracked |  0
|  81|0x000000070a200000, 0x000000070a400000, 0x000000070a400000|100%| O|  |TAMS 0x000000070a200000| PB 0x000000070a200000| Untracked |  0
|  82|0x000000070a400000, 0x000000070a600000, 0x000000070a600000|100%| O|  |TAMS 0x000000070a400000| PB 0x000000070a400000| Untracked |  0
|  83|0x000000070a600000, 0x000000070a800000, 0x000000070a800000|100%| O|  |TAMS 0x000000070a600000| PB 0x000000070a600000| Untracked |  0
|  84|0x000000070a800000, 0x000000070aa00000, 0x000000070aa00000|100%| S|CS|TAMS 0x000000070a800000| PB 0x000000070a800000| Complete |  0
|  85|0x000000070aa00000, 0x000000070aa00000, 0x000000070ac00000|  0%| F|  |TAMS 0x000000070aa00000| PB 0x000000070aa00000| Untracked |  0
|  86|0x000000070ac00000, 0x000000070ac00000, 0x000000070ae00000|  0%| F|  |TAMS 0x000000070ac00000| PB 0x000000070ac00000| Untracked |  0
|  87|0x000000070ae00000, 0x000000070ae00000, 0x000000070b000000|  0%| F|  |TAMS 0x000000070ae00000| PB 0x000000070ae00000| Untracked |  0
|  88|0x000000070b000000, 0x000000070b000000, 0x000000070b200000|  0%| F|  |TAMS 0x000000070b000000| PB 0x000000070b000000| Untracked |  0
|  89|0x000000070b200000, 0x000000070b200000, 0x000000070b400000|  0%| F|  |TAMS 0x000000070b200000| PB 0x000000070b200000| Untracked |  0
|  90|0x000000070b400000, 0x000000070b400000, 0x000000070b600000|  0%| F|  |TAMS 0x000000070b400000| PB 0x000000070b400000| Untracked |  0
|  91|0x000000070b600000, 0x000000070b600000, 0x000000070b800000|  0%| F|  |TAMS 0x000000070b600000| PB 0x000000070b600000| Untracked |  0
|  92|0x000000070b800000, 0x000000070b800000, 0x000000070ba00000|  0%| F|  |TAMS 0x000000070b800000| PB 0x000000070b800000| Untracked |  0
|  93|0x000000070ba00000, 0x000000070ba00000, 0x000000070bc00000|  0%| F|  |TAMS 0x000000070ba00000| PB 0x000000070ba00000| Untracked |  0
|  94|0x000000070bc00000, 0x000000070bc00000, 0x000000070be00000|  0%| F|  |TAMS 0x000000070bc00000| PB 0x000000070bc00000| Untracked |  0
|  95|0x000000070be00000, 0x000000070be00000, 0x000000070c000000|  0%| F|  |TAMS 0x000000070be00000| PB 0x000000070be00000| Untracked |  0
|  96|0x000000070c000000, 0x000000070c000000, 0x000000070c200000|  0%| F|  |TAMS 0x000000070c000000| PB 0x000000070c000000| Untracked |  0
|  97|0x000000070c200000, 0x000000070c200000, 0x000000070c400000|  0%| F|  |TAMS 0x000000070c200000| PB 0x000000070c200000| Untracked |  0
|  98|0x000000070c400000, 0x000000070c400000, 0x000000070c600000|  0%| F|  |TAMS 0x000000070c400000| PB 0x000000070c400000| Untracked |  0
|  99|0x000000070c600000, 0x000000070c600000, 0x000000070c800000|  0%| F|  |TAMS 0x000000070c600000| PB 0x000000070c600000| Untracked |  0
| 100|0x000000070c800000, 0x000000070c800000, 0x000000070ca00000|  0%| F|  |TAMS 0x000000070c800000| PB 0x000000070c800000| Untracked |  0
| 101|0x000000070ca00000, 0x000000070ca00000, 0x000000070cc00000|  0%| F|  |TAMS 0x000000070ca00000| PB 0x000000070ca00000| Untracked |  0
| 102|0x000000070cc00000, 0x000000070cc00000, 0x000000070ce00000|  0%| F|  |TAMS 0x000000070cc00000| PB 0x000000070cc00000| Untracked |  0
| 103|0x000000070ce00000, 0x000000070ce00000, 0x000000070d000000|  0%| F|  |TAMS 0x000000070ce00000| PB 0x000000070ce00000| Untracked |  0
| 104|0x000000070d000000, 0x000000070d000000, 0x000000070d200000|  0%| F|  |TAMS 0x000000070d000000| PB 0x000000070d000000| Untracked |  0
| 105|0x000000070d200000, 0x000000070d200000, 0x000000070d400000|  0%| F|  |TAMS 0x000000070d200000| PB 0x000000070d200000| Untracked |  0
| 106|0x000000070d400000, 0x000000070d400000, 0x000000070d600000|  0%| F|  |TAMS 0x000000070d400000| PB 0x000000070d400000| Untracked |  0
| 107|0x000000070d600000, 0x000000070d600000, 0x000000070d800000|  0%| F|  |TAMS 0x000000070d600000| PB 0x000000070d600000| Untracked |  0
| 108|0x000000070d800000, 0x000000070d800000, 0x000000070da00000|  0%| F|  |TAMS 0x000000070d800000| PB 0x000000070d800000| Untracked |  0
| 109|0x000000070da00000, 0x000000070da00000, 0x000000070dc00000|  0%| F|  |TAMS 0x000000070da00000| PB 0x000000070da00000| Untracked |  0
| 110|0x000000070dc00000, 0x000000070dc00000, 0x000000070de00000|  0%| F|  |TAMS 0x000000070dc00000| PB 0x000000070dc00000| Untracked |  0
| 111|0x000000070de00000, 0x000000070de00000, 0x000000070e000000|  0%| F|  |TAMS 0x000000070de00000| PB 0x000000070de00000| Untracked |  0
| 112|0x000000070e000000, 0x000000070e000000, 0x000000070e200000|  0%| F|  |TAMS 0x000000070e000000| PB 0x000000070e000000| Untracked |  0
| 113|0x000000070e200000, 0x000000070e3d8280, 0x000000070e400000| 92%| E|  |TAMS 0x000000070e200000| PB 0x000000070e200000| Complete |  0
| 114|0x000000070e400000, 0x000000070e600000, 0x000000070e600000|100%| E|CS|TAMS 0x000000070e400000| PB 0x000000070e400000| Complete |  0
| 115|0x000000070e600000, 0x000000070e800000, 0x000000070e800000|100%| E|CS|TAMS 0x000000070e600000| PB 0x000000070e600000| Complete |  0
| 116|0x000000070e800000, 0x000000070ea00000, 0x000000070ea00000|100%| E|CS|TAMS 0x000000070e800000| PB 0x000000070e800000| Complete |  0
| 117|0x000000070ea00000, 0x000000070ec00000, 0x000000070ec00000|100%| E|CS|TAMS 0x000000070ea00000| PB 0x000000070ea00000| Complete |  0
| 118|0x000000070ec00000, 0x000000070ee00000, 0x000000070ee00000|100%| E|CS|TAMS 0x000000070ec00000| PB 0x000000070ec00000| Complete |  0
| 119|0x000000070ee00000, 0x000000070f000000, 0x000000070f000000|100%| E|CS|TAMS 0x000000070ee00000| PB 0x000000070ee00000| Complete |  0
| 120|0x000000070f000000, 0x000000070f200000, 0x000000070f200000|100%| E|CS|TAMS 0x000000070f000000| PB 0x000000070f000000| Complete |  0
| 121|0x000000070f200000, 0x000000070f400000, 0x000000070f400000|100%| E|CS|TAMS 0x000000070f200000| PB 0x000000070f200000| Complete |  0
| 122|0x000000070f400000, 0x000000070f600000, 0x000000070f600000|100%| E|CS|TAMS 0x000000070f400000| PB 0x000000070f400000| Complete |  0
| 123|0x000000070f600000, 0x000000070f800000, 0x000000070f800000|100%| E|CS|TAMS 0x000000070f600000| PB 0x000000070f600000| Complete |  0
| 124|0x000000070f800000, 0x000000070fa00000, 0x000000070fa00000|100%| E|CS|TAMS 0x000000070f800000| PB 0x000000070f800000| Complete |  0
| 125|0x000000070fa00000, 0x000000070fc00000, 0x000000070fc00000|100%| E|CS|TAMS 0x000000070fa00000| PB 0x000000070fa00000| Complete |  0
| 126|0x000000070fc00000, 0x000000070fe00000, 0x000000070fe00000|100%| E|CS|TAMS 0x000000070fc00000| PB 0x000000070fc00000| Complete |  0
| 127|0x000000070fe00000, 0x0000000710000000, 0x0000000710000000|100%| E|CS|TAMS 0x000000070fe00000| PB 0x000000070fe00000| Complete |  0
| 128|0x0000000710000000, 0x0000000710200000, 0x0000000710200000|100%| E|CS|TAMS 0x0000000710000000| PB 0x0000000710000000| Complete |  0
| 129|0x0000000710200000, 0x0000000710400000, 0x0000000710400000|100%| E|CS|TAMS 0x0000000710200000| PB 0x0000000710200000| Complete |  0
| 130|0x0000000710400000, 0x0000000710600000, 0x0000000710600000|100%| E|CS|TAMS 0x0000000710400000| PB 0x0000000710400000| Complete |  0
| 131|0x0000000710600000, 0x0000000710800000, 0x0000000710800000|100%| E|CS|TAMS 0x0000000710600000| PB 0x0000000710600000| Complete |  0
| 132|0x0000000710800000, 0x0000000710a00000, 0x0000000710a00000|100%| S|CS|TAMS 0x0000000710800000| PB 0x0000000710800000| Complete |  0
| 133|0x0000000710a00000, 0x0000000710c00000, 0x0000000710c00000|100%| S|CS|TAMS 0x0000000710a00000| PB 0x0000000710a00000| Complete |  0
|2033|0x00000007fe200000, 0x00000007fe3a5c78, 0x00000007fe400000| 82%| O|  |TAMS 0x00000007fe200000| PB 0x00000007fe200000| Untracked |  0
|2034|0x00000007fe400000, 0x00000007fe600000, 0x00000007fe600000|100%| O|  |TAMS 0x00000007fe400000| PB 0x00000007fe400000| Untracked |  0
|2035|0x00000007fe600000, 0x00000007fe800000, 0x00000007fe800000|100%| O|  |TAMS 0x00000007fe600000| PB 0x00000007fe600000| Untracked |  0
|2036|0x00000007fe800000, 0x00000007fea00000, 0x00000007fea00000|100%| E|CS|TAMS 0x00000007fe800000| PB 0x00000007fe800000| Complete |  0
|2037|0x00000007fea00000, 0x00000007fec00000, 0x00000007fec00000|100%| E|CS|TAMS 0x00000007fea00000| PB 0x00000007fea00000| Complete |  0
|2038|0x00000007fec00000, 0x00000007fee00000, 0x00000007fee00000|100%| O|  |TAMS 0x00000007fec00000| PB 0x00000007fec00000| Untracked |  0
|2039|0x00000007fee00000, 0x00000007ff000000, 0x00000007ff000000|100%| O|  |TAMS 0x00000007fee00000| PB 0x00000007fee00000| Untracked |  0
|2040|0x00000007ff000000, 0x00000007ff200000, 0x00000007ff200000|100%| E|CS|TAMS 0x00000007ff000000| PB 0x00000007ff000000| Complete |  0
|2041|0x00000007ff200000, 0x00000007ff400000, 0x00000007ff400000|100%| O|  |TAMS 0x00000007ff200000| PB 0x00000007ff200000| Untracked |  0
|2042|0x00000007ff400000, 0x00000007ff600000, 0x00000007ff600000|100%| O|  |TAMS 0x00000007ff400000| PB 0x00000007ff400000| Untracked |  0
|2043|0x00000007ff600000, 0x00000007ff800000, 0x00000007ff800000|100%| E|CS|TAMS 0x00000007ff600000| PB 0x00000007ff600000| Complete |  0
|2044|0x00000007ff800000, 0x00000007ffa00000, 0x00000007ffa00000|100%| E|CS|TAMS 0x00000007ff800000| PB 0x00000007ff800000| Complete |  0
|2045|0x00000007ffa00000, 0x00000007ffc00000, 0x00000007ffc00000|100%| O|  |TAMS 0x00000007ffa00000| PB 0x00000007ffa00000| Untracked |  0
|2046|0x00000007ffc00000, 0x00000007ffe00000, 0x00000007ffe00000|100%| O|  |TAMS 0x00000007ffc00000| PB 0x00000007ffc00000| Untracked |  0
|2047|0x00000007ffe00000, 0x0000000800000000, 0x0000000800000000|100%| E|CS|TAMS 0x00000007ffe00000| PB 0x00000007ffe00000| Complete |  0

Card table byte_map: [0x0000016a6e890000,0x0000016a6f090000] _byte_map_base: 0x0000016a6b090000

Marking Bits: (CMBitMap*) 0x0000016a5b7cc250
 Bits: [0x0000016a6f090000, 0x0000016a73090000)

Polling page: 0x0000016a595f0000

Metaspace:
Metaspace        used 167533K, committed 169984K, reserved 1245184K
 class space     used 23854K, committed 25024K, reserved 1048576K

Usage:
  Non-class:    140.31 MB used.
      Class:     23.30 MB used.
       Both:    163.61 MB used.

Virtual space:
  Non-class space:      192.00 MB reserved,     141.56 MB ( 74%) committed,  3 nodes.
      Class space:        1.00 GB reserved,      24.44 MB (  2%) committed,  1 nodes.
             Both:        1.19 GB reserved,     166.00 MB ( 14%) committed. 

Chunk freelists:
   Non-Class:  2.36 MB
       Class:  7.61 MB
        Both:  9.97 MB

MaxMetaspaceSize: unlimited
CompressedClassSpaceSize: 1.00 GB
Initial GC threshold: 21.00 MB
Current GC threshold: 266.69 MB
CDS: off
 - commit_granule_bytes: 65536.
 - commit_granule_words: 8192.
 - virtual_space_node_default_size: 8388608.
 - enlarge_chunks_in_place: 1.
UseCompressedClassPointers 1, UseCompactObjectHeaders 0
Narrow klass pointer bits 32, Max shift 3
Narrow klass base: 0x0000000000000000, Narrow klass shift: 0
Encoding Range: [0x0000000000000000 - 0x0000000100000000), (4294967296 bytes)
Klass Range:    [0x000000003c000000 - 0x000000007c000000), (1073741824 bytes)
Klass ID Range:  [1006632960 - 2080374777) (1073741817)
No protection zone.


Internal statistics:

num_allocs_failed_limit: 6.
num_arena_births: 4682.
num_arena_deaths: 0.
num_vsnodes_births: 4.
num_vsnodes_deaths: 0.
num_space_committed: 2654.
num_space_uncommitted: 0.
num_chunks_returned_to_freelist: 6.
num_chunks_taken_from_freelist: 11135.
num_chunk_merges: 6.
num_chunk_splits: 7668.
num_chunks_enlarged: 5278.
num_inconsistent_stats: 0.

CodeHeap 'non-profiled nmethods': size=120064Kb used=11843Kb max_used=11843Kb free=108220Kb
 bounds [0x0000016a66710000, 0x0000016a672b0000, 0x0000016a6dc50000]
CodeHeap 'profiled nmethods': size=120000Kb used=24687Kb max_used=24687Kb free=95312Kb
 bounds [0x0000016a5ec50000, 0x0000016a60470000, 0x0000016a66180000]
CodeHeap 'non-nmethods': size=5696Kb used=2531Kb max_used=2691Kb free=3165Kb
 bounds [0x0000016a66180000, 0x0000016a66450000, 0x0000016a66710000]
CodeCache: size=245760Kb, used=39061Kb, max_used=39221Kb, free=206697Kb
 total_blobs=18089, nmethods=17000, adapters=990, full_count=0
Compilation: enabled, stopped_count=0, restarted_count=0

Compilation events (20 events):
Event: 981.563 Thread 0x0000016a7a044640 26848       3       org.gradle.api.internal.artifacts.ivyservice.resolveengine.graph.builder.ModuleResolveState::getPlatformState (36 bytes)
Event: 981.563 Thread 0x0000016a7a044640 nmethod 26848 0x0000016a60454888 code [0x0000016a60454980, 0x0000016a60454bd0]
Event: 981.565 Thread 0x0000016a7a044640 26849       3       org.gradle.internal.resolve.result.DefaultBuildableComponentResolveResult::failed (12 bytes)
Event: 981.565 Thread 0x0000016a7a044640 nmethod 26849 0x0000016a60454c08 code [0x0000016a60454d00, 0x0000016a60454e90]
Event: 981.572 Thread 0x0000016a7a044640 26850       3       org.gradle.internal.resolve.result.DefaultBuildableComponentResolveResult::getFailure (9 bytes)
Event: 981.573 Thread 0x0000016a7a044640 nmethod 26850 0x0000016a60454f08 code [0x0000016a60455000, 0x0000016a60455338]
Event: 981.580 Thread 0x0000016a7a044640 26851       3       org.gradle.api.internal.artifacts.ivyservice.resolveengine.graph.builder.NodeState::cleanupConstraints (212 bytes)
Event: 981.582 Thread 0x0000016a7a044640 nmethod 26851 0x0000016a60455388 code [0x0000016a60455480, 0x0000016a60456a50]
Event: 981.598 Thread 0x0000016a7a044640 26852       3       org.gradle.internal.collect.PersistentSetTrie::iterator (16 bytes)
Event: 981.599 Thread 0x0000016a7a044640 nmethod 26852 0x0000016a60456a88 code [0x0000016a60456b80, 0x0000016a60456d90]
Event: 981.599 Thread 0x0000016a7a044640 26853       3       org.gradle.internal.collect.PersistentSetTrie$ChampSetIterator::<init> (7 bytes)
Event: 981.599 Thread 0x0000016a7a044640 nmethod 26853 0x0000016a60456e08 code [0x0000016a60456f00, 0x0000016a60457030]
Event: 981.600 Thread 0x0000016a7a044640 26854       3       org.gradle.api.internal.artifacts.ivyservice.modulecache.AbstractModuleMetadataCache::cacheMissing (63 bytes)
Event: 981.602 Thread 0x0000016a7a044640 nmethod 26854 0x0000016a60457108 code [0x0000016a60457200, 0x0000016a60457c20]
Event: 981.602 Thread 0x0000016a7a044640 26855       3       org.gradle.api.internal.artifacts.ivyservice.resolveengine.graph.builder.NodeState::clearTransitiveExclusionsAndEnqueue (14 bytes)
Event: 981.602 Thread 0x0000016a7a044640 nmethod 26855 0x0000016a60457c88 code [0x0000016a60457d80, 0x0000016a60458140]
Event: 981.603 Thread 0x0000016a7a044640 26856       3       org.gradle.api.internal.artifacts.ivyservice.resolveengine.graph.builder.EdgeState::updateTransitiveExcludesAndRequeueTargetNodes (42 bytes)
Event: 981.603 Thread 0x0000016a7a044640 nmethod 26856 0x0000016a60458188 code [0x0000016a60458280, 0x0000016a60458ba0]
Event: 981.627 Thread 0x0000016a7a044640 26860       3       org.gradle.api.internal.artifacts.ivyservice.resolveengine.result.DefaultComponentSelectionDescriptor::<init> (20 bytes)
Event: 981.628 Thread 0x0000016a7a044640 nmethod 26860 0x0000016a60458c08 code [0x0000016a60458d00, 0x0000016a60458e98]

GC Heap Usage History (20 events):
Event: 559.102 {heap Before GC invocations=101 (full 0):
 garbage-first heap   total reserved 4194304K, committed 264192K, used 248423K [0x0000000700000000, 0x0000000800000000)
  region size 2048K, 49 young (100352K), 4 survivors (8192K)
}
Event: 559.121 {heap After GC invocations=102 (full 0):
 garbage-first heap   total reserved 4194304K, committed 264192K, used 158882K [0x0000000700000000, 0x0000000800000000)
  region size 2048K, 5 young (10240K), 5 survivors (10240K)
}
Event: 573.371 {heap Before GC invocations=102 (full 0):
 garbage-first heap   total reserved 4194304K, committed 264192K, used 246946K [0x0000000700000000, 0x0000000800000000)
  region size 2048K, 49 young (100352K), 5 survivors (10240K)
}
Event: 573.397 {heap After GC invocations=103 (full 0):
 garbage-first heap   total reserved 4194304K, committed 264192K, used 161114K [0x0000000700000000, 0x0000000800000000)
  region size 2048K, 5 young (10240K), 5 survivors (10240K)
}
Event: 620.234 {heap Before GC invocations=104 (full 0):
 garbage-first heap   total reserved 4194304K, committed 270336K, used 247130K [0x0000000700000000, 0x0000000800000000)
  region size 2048K, 47 young (96256K), 5 survivors (10240K)
}
Event: 620.255 {heap After GC invocations=105 (full 0):
 garbage-first heap   total reserved 4194304K, committed 270336K, used 162556K [0x0000000700000000, 0x0000000800000000)
  region size 2048K, 4 young (8192K), 4 survivors (8192K)
}
Event: 624.795 {heap Before GC invocations=105 (full 0):
 garbage-first heap   total reserved 4194304K, committed 270336K, used 250620K [0x0000000700000000, 0x0000000800000000)
  region size 2048K, 48 young (98304K), 4 survivors (8192K)
}
Event: 624.815 {heap After GC invocations=106 (full 0):
 garbage-first heap   total reserved 4194304K, committed 270336K, used 162804K [0x0000000700000000, 0x0000000800000000)
  region size 2048K, 3 young (6144K), 3 survivors (6144K)
}
Event: 648.452 {heap Before GC invocations=106 (full 0):
 garbage-first heap   total reserved 4194304K, committed 270336K, used 248820K [0x0000000700000000, 0x0000000800000000)
  region size 2048K, 46 young (94208K), 3 survivors (6144K)
}
Event: 648.466 {heap After GC invocations=107 (full 0):
 garbage-first heap   total reserved 4194304K, committed 270336K, used 162697K [0x0000000700000000, 0x0000000800000000)
  region size 2048K, 3 young (6144K), 3 survivors (6144K)
}
Event: 711.515 {heap Before GC invocations=108 (full 0):
 garbage-first heap   total reserved 4194304K, committed 276480K, used 250761K [0x0000000700000000, 0x0000000800000000)
  region size 2048K, 46 young (94208K), 3 survivors (6144K)
}
Event: 711.530 {heap After GC invocations=109 (full 0):
 garbage-first heap   total reserved 4194304K, committed 276480K, used 162873K [0x0000000700000000, 0x0000000800000000)
  region size 2048K, 3 young (6144K), 3 survivors (6144K)
}
Event: 716.859 {heap Before GC invocations=109 (full 0):
 garbage-first heap   total reserved 4194304K, committed 276480K, used 257081K [0x0000000700000000, 0x0000000800000000)
  region size 2048K, 49 young (100352K), 3 survivors (6144K)
}
Event: 716.904 {heap After GC invocations=110 (full 0):
 garbage-first heap   total reserved 4194304K, committed 276480K, used 171601K [0x0000000700000000, 0x0000000800000000)
  region size 2048K, 7 young (14336K), 7 survivors (14336K)
}
Event: 936.449 {heap Before GC invocations=110 (full 0):
 garbage-first heap   total reserved 4194304K, committed 276480K, used 259665K [0x0000000700000000, 0x0000000800000000)
  region size 2048K, 50 young (102400K), 7 survivors (14336K)
}
Event: 936.480 {heap After GC invocations=111 (full 0):
 garbage-first heap   total reserved 4194304K, committed 280576K, used 176247K [0x0000000700000000, 0x0000000800000000)
  region size 2048K, 3 young (6144K), 3 survivors (6144K)
}
Event: 952.238 {heap Before GC invocations=112 (full 0):
 garbage-first heap   total reserved 4194304K, committed 296960K, used 260215K [0x0000000700000000, 0x0000000800000000)
  region size 2048K, 45 young (92160K), 3 survivors (6144K)
}
Event: 952.267 {heap After GC invocations=113 (full 0):
 garbage-first heap   total reserved 4194304K, committed 296960K, used 183201K [0x0000000700000000, 0x0000000800000000)
  region size 2048K, 6 young (12288K), 6 survivors (12288K)
}
Event: 981.103 {heap Before GC invocations=113 (full 0):
 garbage-first heap   total reserved 4194304K, committed 296960K, used 277409K [0x0000000700000000, 0x0000000800000000)
  region size 2048K, 53 young (108544K), 6 survivors (12288K)
}
Event: 981.227 {heap After GC invocations=114 (full 0):
 garbage-first heap   total reserved 4194304K, committed 305152K, used 192151K [0x0000000700000000, 0x0000000800000000)
  region size 2048K, 7 young (14336K), 7 survivors (14336K)
}

Metaspace Usage History (20 events):
Event: 559.102 {metaspace Before GC invocations=101 (full 0):
 Metaspace       used 154351K, committed 156736K, reserved 1245184K
  class space    used 22352K, committed 23488K, reserved 1048576K
}
Event: 559.121 {metaspace After GC invocations=102 (full 0):
 Metaspace       used 154351K, committed 156736K, reserved 1245184K
  class space    used 22352K, committed 23488K, reserved 1048576K
}
Event: 573.371 {metaspace Before GC invocations=102 (full 0):
 Metaspace       used 154462K, committed 156864K, reserved 1245184K
  class space    used 22354K, committed 23488K, reserved 1048576K
}
Event: 573.397 {metaspace After GC invocations=103 (full 0):
 Metaspace       used 154462K, committed 156864K, reserved 1245184K
  class space    used 22354K, committed 23488K, reserved 1048576K
}
Event: 620.234 {metaspace Before GC invocations=104 (full 0):
 Metaspace       used 154519K, committed 156928K, reserved 1245184K
  class space    used 22356K, committed 23488K, reserved 1048576K
}
Event: 620.255 {metaspace After GC invocations=105 (full 0):
 Metaspace       used 154519K, committed 156928K, reserved 1245184K
  class space    used 22356K, committed 23488K, reserved 1048576K
}
Event: 624.795 {metaspace Before GC invocations=105 (full 0):
 Metaspace       used 154529K, committed 156928K, reserved 1245184K
  class space    used 22356K, committed 23488K, reserved 1048576K
}
Event: 624.815 {metaspace After GC invocations=106 (full 0):
 Metaspace       used 154529K, committed 156928K, reserved 1245184K
  class space    used 22356K, committed 23488K, reserved 1048576K
}
Event: 648.452 {metaspace Before GC invocations=106 (full 0):
 Metaspace       used 154554K, committed 156928K, reserved 1245184K
  class space    used 22356K, committed 23488K, reserved 1048576K
}
Event: 648.466 {metaspace After GC invocations=107 (full 0):
 Metaspace       used 154554K, committed 156928K, reserved 1245184K
  class space    used 22356K, committed 23488K, reserved 1048576K
}
Event: 711.515 {metaspace Before GC invocations=108 (full 0):
 Metaspace       used 154560K, committed 156928K, reserved 1245184K
  class space    used 22356K, committed 23488K, reserved 1048576K
}
Event: 711.530 {metaspace After GC invocations=109 (full 0):
 Metaspace       used 154560K, committed 156928K, reserved 1245184K
  class space    used 22356K, committed 23488K, reserved 1048576K
}
Event: 716.859 {metaspace Before GC invocations=109 (full 0):
 Metaspace       used 157974K, committed 160320K, reserved 1245184K
  class space    used 22766K, committed 23872K, reserved 1048576K
}
Event: 716.904 {metaspace After GC invocations=110 (full 0):
 Metaspace       used 157974K, committed 160320K, reserved 1245184K
  class space    used 22766K, committed 23872K, reserved 1048576K
}
Event: 936.449 {metaspace Before GC invocations=110 (full 0):
 Metaspace       used 161449K, committed 163840K, reserved 1245184K
  class space    used 23262K, committed 24384K, reserved 1048576K
}
Event: 936.480 {metaspace After GC invocations=111 (full 0):
 Metaspace       used 161449K, committed 163840K, reserved 1245184K
  class space    used 23262K, committed 24384K, reserved 1048576K
}
Event: 952.238 {metaspace Before GC invocations=112 (full 0):
 Metaspace       used 162800K, committed 165184K, reserved 1245184K
  class space    used 23388K, committed 24512K, reserved 1048576K
}
Event: 952.267 {metaspace After GC invocations=113 (full 0):
 Metaspace       used 162800K, committed 165184K, reserved 1245184K
  class space    used 23388K, committed 24512K, reserved 1048576K
}
Event: 981.103 {metaspace Before GC invocations=113 (full 0):
 Metaspace       used 167304K, committed 169792K, reserved 1245184K
  class space    used 23816K, committed 24960K, reserved 1048576K
}
Event: 981.227 {metaspace After GC invocations=114 (full 0):
 Metaspace       used 167304K, committed 169792K, reserved 1245184K
  class space    used 23816K, committed 24960K, reserved 1048576K
}

Dll operation events (3 events):
Event: 0.028 Loaded shared library C:\Program Files\Android\Android Studio\jbr\bin\java.dll
Event: 0.042 Loaded shared library C:\Program Files\Android\Android Studio\jbr\bin\zip.dll
Event: 1.528 Loaded shared library C:\Program Files\Android\Android Studio\jbr\bin\verify.dll

Deoptimization events (20 events):
Event: 981.617 Thread 0x0000016a006218d0 Uncommon trap: trap_request=0xffffffbe fr.pc=0x0000016a6727f934 relative=0x0000000000006494
Event: 981.617 Thread 0x0000016a006218d0 Uncommon trap: reason=profile_predicate action=maybe_recompile pc=0x0000016a6727f934 method=org.gradle.api.internal.artifacts.result.DefaultResolvedComponentResult.eachElement(Lorg/gradle/api/artifacts/result/ResolvedComponentResult;Lorg/gradle/api/Action
Event: 981.617 Thread 0x0000016a006218d0 DEOPT PACKING pc=0x0000016a6727f934 sp=0x00000016cabf7040
Event: 981.618 Thread 0x0000016a006218d0 DEOPT UNPACKING pc=0x0000016a662a7402 sp=0x00000016cabf70b8 mode 2
Event: 981.618 Thread 0x0000016a006218d0 Uncommon trap: trap_request=0xffffffbe fr.pc=0x0000016a6727f934 relative=0x0000000000006494
Event: 981.618 Thread 0x0000016a006218d0 Uncommon trap: reason=profile_predicate action=maybe_recompile pc=0x0000016a6727f934 method=org.gradle.api.internal.artifacts.result.DefaultResolvedComponentResult.eachElement(Lorg/gradle/api/artifacts/result/ResolvedComponentResult;Lorg/gradle/api/Action
Event: 981.618 Thread 0x0000016a006218d0 DEOPT PACKING pc=0x0000016a6727f934 sp=0x00000016cabf6f30
Event: 981.618 Thread 0x0000016a006218d0 DEOPT UNPACKING pc=0x0000016a662a7402 sp=0x00000016cabf6fa8 mode 2
Event: 981.618 Thread 0x0000016a006218d0 Uncommon trap: trap_request=0xffffffbe fr.pc=0x0000016a6727f934 relative=0x0000000000006494
Event: 981.618 Thread 0x0000016a006218d0 Uncommon trap: reason=profile_predicate action=maybe_recompile pc=0x0000016a6727f934 method=org.gradle.api.internal.artifacts.result.DefaultResolvedComponentResult.eachElement(Lorg/gradle/api/artifacts/result/ResolvedComponentResult;Lorg/gradle/api/Action
Event: 981.618 Thread 0x0000016a006218d0 DEOPT PACKING pc=0x0000016a6727f934 sp=0x00000016cabf6fb0
Event: 981.618 Thread 0x0000016a006218d0 DEOPT UNPACKING pc=0x0000016a662a7402 sp=0x00000016cabf7028 mode 2
Event: 981.619 Thread 0x0000016a006218d0 Uncommon trap: trap_request=0xffffffbe fr.pc=0x0000016a6727f934 relative=0x0000000000006494
Event: 981.619 Thread 0x0000016a006218d0 Uncommon trap: reason=profile_predicate action=maybe_recompile pc=0x0000016a6727f934 method=org.gradle.api.internal.artifacts.result.DefaultResolvedComponentResult.eachElement(Lorg/gradle/api/artifacts/result/ResolvedComponentResult;Lorg/gradle/api/Action
Event: 981.619 Thread 0x0000016a006218d0 DEOPT PACKING pc=0x0000016a6727f934 sp=0x00000016cabf6ea0
Event: 981.619 Thread 0x0000016a006218d0 DEOPT UNPACKING pc=0x0000016a662a7402 sp=0x00000016cabf6f18 mode 2
Event: 981.830 Thread 0x0000016a006218d0 DEOPT PACKING pc=0x0000016a5f825555 sp=0x00000016cabf6780
Event: 981.830 Thread 0x0000016a006218d0 DEOPT UNPACKING pc=0x0000016a661d12a2 sp=0x00000016cabf5dd8 mode 0
Event: 981.975 Thread 0x0000016a006218d0 DEOPT PACKING pc=0x0000016a5f71da79 sp=0x00000016cabf6b00
Event: 981.975 Thread 0x0000016a006218d0 DEOPT UNPACKING pc=0x0000016a661d12a2 sp=0x00000016cabf5ec8 mode 0

Classes loaded (20 events):
Event: 336.875 Loading class org/w3c/dom/Comment
Event: 336.875 Loading class org/w3c/dom/Comment done
Event: 336.875 Loading class com/sun/org/apache/xerces/internal/dom/CommentImpl done
Event: 336.875 Loading class com/sun/org/apache/xerces/internal/dom/DeferredCommentImpl done
Event: 345.135 Loading class com/sun/org/apache/xerces/internal/util/EncodingMap
Event: 345.137 Loading class com/sun/org/apache/xerces/internal/util/EncodingMap done
Event: 345.139 Loading class sun/nio/cs/ISO_8859_1$Decoder
Event: 345.139 Loading class sun/nio/cs/ISO_8859_1$Decoder done
Event: 615.647 Loading class java/util/Collections$ReverseComparator
Event: 615.648 Loading class java/util/Collections$ReverseComparator done
Event: 615.648 Loading class java/util/Collections$ReverseComparator2
Event: 615.648 Loading class java/util/Collections$ReverseComparator2 done
Event: 717.751 Loading class java/net/UrlDeserializedState
Event: 717.752 Loading class java/net/UrlDeserializedState done
Event: 717.822 Loading class sun/nio/fs/WindowsSecurity$Privilege
Event: 717.823 Loading class sun/nio/fs/WindowsSecurity$Privilege done
Event: 718.130 Loading class java/util/concurrent/CompletableFuture$AsyncRun
Event: 718.131 Loading class java/util/concurrent/CompletableFuture$AsyncRun done
Event: 965.220 Loading class java/util/concurrent/locks/AbstractQueuedLongSynchronizer$Node
Event: 965.226 Loading class java/util/concurrent/locks/AbstractQueuedLongSynchronizer$Node done

Classes unloaded (0 events):
No events

Classes redefined (0 events):
No events

Internal exceptions (20 events):
Event: 982.151 Thread 0x0000016a006218d0 Exception <a 'sun/nio/fs/WindowsException'{0x000000070ee0b528}> (0x000000070ee0b528) 
thrown [s\src\hotspot\share\prims\jni.cpp, line 535]
Event: 982.152 Thread 0x0000016a006218d0 Exception <a 'sun/nio/fs/WindowsException'{0x000000070ee0fa78}> (0x000000070ee0fa78) 
thrown [s\src\hotspot\share\prims\jni.cpp, line 535]
Event: 982.152 Thread 0x0000016a006218d0 Exception <a 'sun/nio/fs/WindowsException'{0x000000070ee120c0}> (0x000000070ee120c0) 
thrown [s\src\hotspot\share\prims\jni.cpp, line 535]
Event: 982.153 Thread 0x0000016a006218d0 Exception <a 'sun/nio/fs/WindowsException'{0x000000070ee16fb8}> (0x000000070ee16fb8) 
thrown [s\src\hotspot\share\prims\jni.cpp, line 535]
Event: 982.153 Thread 0x0000016a006218d0 Exception <a 'sun/nio/fs/WindowsException'{0x000000070ee1d440}> (0x000000070ee1d440) 
thrown [s\src\hotspot\share\prims\jni.cpp, line 535]
Event: 982.154 Thread 0x0000016a006218d0 Exception <a 'sun/nio/fs/WindowsException'{0x000000070ee2d480}> (0x000000070ee2d480) 
thrown [s\src\hotspot\share\prims\jni.cpp, line 535]
Event: 982.155 Thread 0x0000016a006218d0 Exception <a 'sun/nio/fs/WindowsException'{0x000000070ee323c0}> (0x000000070ee323c0) 
thrown [s\src\hotspot\share\prims\jni.cpp, line 535]
Event: 982.155 Thread 0x0000016a006218d0 Exception <a 'sun/nio/fs/WindowsException'{0x000000070ee36a78}> (0x000000070ee36a78) 
thrown [s\src\hotspot\share\prims\jni.cpp, line 535]
Event: 982.156 Thread 0x0000016a006218d0 Exception <a 'sun/nio/fs/WindowsException'{0x000000070ee394c0}> (0x000000070ee394c0) 
thrown [s\src\hotspot\share\prims\jni.cpp, line 535]
Event: 982.156 Thread 0x0000016a006218d0 Exception <a 'sun/nio/fs/WindowsException'{0x000000070ee3d708}> (0x000000070ee3d708) 
thrown [s\src\hotspot\share\prims\jni.cpp, line 535]
Event: 982.157 Thread 0x0000016a006218d0 Exception <a 'sun/nio/fs/WindowsException'{0x000000070ee400b0}> (0x000000070ee400b0) 
thrown [s\src\hotspot\share\prims\jni.cpp, line 535]
Event: 982.157 Thread 0x0000016a006218d0 Exception <a 'sun/nio/fs/WindowsException'{0x000000070ee4a0c0}> (0x000000070ee4a0c0) 
thrown [s\src\hotspot\share\prims\jni.cpp, line 535]
Event: 982.157 Thread 0x0000016a006218d0 Exception <a 'sun/nio/fs/WindowsException'{0x000000070ee4fd48}> (0x000000070ee4fd48) 
thrown [s\src\hotspot\share\prims\jni.cpp, line 535]
Event: 982.157 Thread 0x0000016a006218d0 Exception <a 'sun/nio/fs/WindowsException'{0x000000070ee543b8}> (0x000000070ee543b8) 
thrown [s\src\hotspot\share\prims\jni.cpp, line 535]
Event: 982.159 Thread 0x0000016a006218d0 Exception <a 'sun/nio/fs/WindowsException'{0x000000070ee854a0}> (0x000000070ee854a0) 
thrown [s\src\hotspot\share\prims\jni.cpp, line 535]
Event: 982.160 Thread 0x0000016a006218d0 Exception <a 'sun/nio/fs/WindowsException'{0x000000070ee8e238}> (0x000000070ee8e238) 
thrown [s\src\hotspot\share\prims\jni.cpp, line 535]
Event: 982.161 Thread 0x0000016a006218d0 Exception <a 'sun/nio/fs/WindowsException'{0x000000070ee95680}> (0x000000070ee95680) 
thrown [s\src\hotspot\share\prims\jni.cpp, line 535]
Event: 982.161 Thread 0x0000016a006218d0 Exception <a 'sun/nio/fs/WindowsException'{0x000000070ee9a3d0}> (0x000000070ee9a3d0) 
thrown [s\src\hotspot\share\prims\jni.cpp, line 535]
Event: 982.161 Thread 0x0000016a006218d0 Exception <a 'sun/nio/fs/WindowsException'{0x000000070ee9e5e0}> (0x000000070ee9e5e0) 
thrown [s\src\hotspot\share\prims\jni.cpp, line 535]
Event: 982.162 Thread 0x0000016a006218d0 Exception <a 'sun/nio/fs/WindowsException'{0x000000070eea0cd0}> (0x000000070eea0cd0) 
thrown [s\src\hotspot\share\prims\jni.cpp, line 535]

VM Operations (20 events):
Event: 841.760 Executing non-safepoint VM operation: RendezvousGCThreads
Event: 841.760 Executing non-safepoint VM operation: RendezvousGCThreads done
Event: 901.893 Executing non-safepoint VM operation: HandshakeAllThreads (HandshakeForDeflation)
Event: 901.893 Executing non-safepoint VM operation: HandshakeAllThreads (HandshakeForDeflation) done
Event: 901.893 Executing non-safepoint VM operation: RendezvousGCThreads
Event: 901.893 Executing non-safepoint VM operation: RendezvousGCThreads done
Event: 936.449 Executing safepoint VM operation: G1CollectForAllocation (G1 Evacuation Pause)
Event: 936.480 Executing safepoint VM operation: G1CollectForAllocation (G1 Evacuation Pause) done
Event: 937.075 Executing safepoint VM operation: G1PauseRemark
Event: 937.116 Executing safepoint VM operation: G1PauseRemark done
Event: 937.397 Executing safepoint VM operation: G1PauseCleanup
Event: 937.409 Executing safepoint VM operation: G1PauseCleanup done
Event: 952.237 Executing safepoint VM operation: G1CollectForAllocation (G1 Evacuation Pause)
Event: 952.268 Executing safepoint VM operation: G1CollectForAllocation (G1 Evacuation Pause) done
Event: 961.948 Executing non-safepoint VM operation: HandshakeAllThreads (HandshakeForDeflation)
Event: 961.958 Executing non-safepoint VM operation: HandshakeAllThreads (HandshakeForDeflation) done
Event: 961.996 Executing non-safepoint VM operation: RendezvousGCThreads
Event: 961.996 Executing non-safepoint VM operation: RendezvousGCThreads done
Event: 981.103 Executing safepoint VM operation: G1CollectForAllocation (G1 Evacuation Pause)
Event: 981.227 Executing safepoint VM operation: G1CollectForAllocation (G1 Evacuation Pause) done

Memory protections (0 events):
No events

Nmethod flushes (20 events):
Event: 937.095 Thread 0x0000016a75a64fc0 flushing  nmethod 0x0000016a5f5fad08
Event: 937.095 Thread 0x0000016a75a64fc0 flushing  nmethod 0x0000016a5f629088
Event: 937.095 Thread 0x0000016a75a64fc0 flushing  nmethod 0x0000016a5f62d088
Event: 937.095 Thread 0x0000016a75a64fc0 flushing  nmethod 0x0000016a5f6a2f88
Event: 937.095 Thread 0x0000016a75a64fc0 flushing  nmethod 0x0000016a5f719188
Event: 937.095 Thread 0x0000016a75a64fc0 flushing  nmethod 0x0000016a5f74db88
Event: 937.095 Thread 0x0000016a75a64fc0 flushing  nmethod 0x0000016a5fa7c908
Event: 937.095 Thread 0x0000016a75a64fc0 flushing  nmethod 0x0000016a67010a08
Event: 937.095 Thread 0x0000016a75a64fc0 flushing  nmethod 0x0000016a5ecea788
Event: 937.095 Thread 0x0000016a75a64fc0 flushing  nmethod 0x0000016a5eddd808
Event: 937.095 Thread 0x0000016a75a64fc0 flushing  nmethod 0x0000016a5ee5fc88
Event: 937.095 Thread 0x0000016a75a64fc0 flushing  nmethod 0x0000016a5eefe888
Event: 937.095 Thread 0x0000016a75a64fc0 flushing  nmethod 0x0000016a5ef03a08
Event: 937.095 Thread 0x0000016a75a64fc0 flushing  nmethod 0x0000016a5ef2b108
Event: 937.095 Thread 0x0000016a75a64fc0 flushing  nmethod 0x0000016a5f0d7b08
Event: 937.095 Thread 0x0000016a75a64fc0 flushing  nmethod 0x0000016a5f0e3508
Event: 937.095 Thread 0x0000016a75a64fc0 flushing  nmethod 0x0000016a5f29cd08
Event: 937.095 Thread 0x0000016a75a64fc0 flushing  nmethod 0x0000016a5f768488
Event: 937.095 Thread 0x0000016a75a64fc0 flushing  nmethod 0x0000016a5fb5bd88
Event: 937.095 Thread 0x0000016a75a64fc0 flushing  nmethod 0x0000016a5fb6ca08

Events (20 events):
Event: 934.875 Thread 0x0000016a0752b5e0 Thread exited: 0x0000016a0752b5e0
Event: 935.508 Thread 0x0000016a006218d0 Thread added: 0x0000016a00637860
Event: 935.544 Thread 0x0000016a006218d0 Thread added: 0x0000016a00638030
Event: 935.931 Thread 0x0000016a7a044640 Thread added: 0x0000016a0752b5e0
Event: 936.891 Thread 0x0000016a0752b5e0 Thread exited: 0x0000016a0752b5e0
Event: 937.683 Thread 0x0000016a7a044640 Thread added: 0x0000016a0752b5e0
Event: 940.004 Thread 0x0000016a0752b5e0 Thread exited: 0x0000016a0752b5e0
Event: 945.332 Thread 0x0000016a7a044640 Thread added: 0x0000016a0752f660
Event: 946.379 Thread 0x0000016a0752f660 Thread exited: 0x0000016a0752f660
Event: 947.375 Thread 0x0000016a006218d0 Thread added: 0x0000016a006397a0
Event: 949.957 Thread 0x0000016a006218d0 Thread added: 0x0000016a0063c680
Event: 950.522 Thread 0x0000016a0063c680 Thread exited: 0x0000016a0063c680
Event: 950.619 Thread 0x0000016a006218d0 Thread added: 0x0000016a0890abd0
Event: 950.622 Thread 0x0000016a0890abd0 Thread added: 0x0000016a08909460
Event: 950.622 Thread 0x0000016a0890abd0 Thread added: 0x0000016a08908c90
Event: 950.622 Thread 0x0000016a0890abd0 Thread added: 0x0000016a08909c30
Event: 950.626 Thread 0x0000016a08909c30 Thread added: 0x0000016a0890cb10
Event: 950.863 Thread 0x0000016a006218d0 Thread added: 0x0000016a0890c340
Event: 952.566 Thread 0x0000016a7a044640 Thread added: 0x0000016a07e40970
Event: 952.958 Thread 0x0000016a07e40970 Thread exited: 0x0000016a07e40970


Dynamic libraries:
0x00007ff6c33d0000 - 0x00007ff6c33da000 	C:\Program Files\Android\Android Studio\jbr\bin\java.exe
0x00007ffb39f00000 - 0x00007ffb3a166000 	C:\WINDOWS\SYSTEM32\ntdll.dll
0x00007ffb39030000 - 0x00007ffb390f9000 	C:\WINDOWS\System32\KERNEL32.DLL
0x00007ffb375f0000 - 0x00007ffb379ee000 	C:\WINDOWS\System32\KERNELBASE.dll
0x00007ffb37310000 - 0x00007ffb3745c000 	C:\WINDOWS\System32\ucrtbase.dll
0x00007ffb1c970000 - 0x00007ffb1c986000 	C:\Program Files\Android\Android Studio\jbr\bin\jli.dll
0x00007ffb25710000 - 0x00007ffb2572b000 	C:\Program Files\Android\Android Studio\jbr\bin\VCRUNTIME140.dll
0x00007ffb392a0000 - 0x00007ffb39467000 	C:\WINDOWS\System32\USER32.dll
0x00007ffb0e1e0000 - 0x00007ffb0e472000 	C:\WINDOWS\WinSxS\amd64_microsoft.windows.common-controls_6595b64144ccf1df_6.0.26100.8875_none_3e0d5d42e32fe9dd\COMCTL32.dll
0x00007ffb37500000 - 0x00007ffb37527000 	C:\WINDOWS\System32\win32u.dll
0x00007ffb37c30000 - 0x00007ffb37cd9000 	C:\WINDOWS\System32\msvcrt.dll
0x00007ffb38cf0000 - 0x00007ffb38d1b000 	C:\WINDOWS\System32\GDI32.dll
0x00007ffb371e0000 - 0x00007ffb3730a000 	C:\WINDOWS\System32\gdi32full.dll
0x00007ffb37a00000 - 0x00007ffb37aa3000 	C:\WINDOWS\System32\msvcp_win.dll
0x00007ffb37d60000 - 0x00007ffb37d92000 	C:\WINDOWS\System32\IMM32.DLL
0x00007ffb2f110000 - 0x00007ffb2f11c000 	C:\Program Files\Android\Android Studio\jbr\bin\vcruntime140_1.dll
0x00007ffaf3c90000 - 0x00007ffaf3d1d000 	C:\Program Files\Android\Android Studio\jbr\bin\msvcp140.dll
0x00007ffab9050000 - 0x00007ffab9f2a000 	C:\Program Files\Android\Android Studio\jbr\bin\server\jvm.dll
0x00007ffb39470000 - 0x00007ffb39527000 	C:\WINDOWS\System32\ADVAPI32.dll
0x00007ffb388d0000 - 0x00007ffb3897a000 	C:\WINDOWS\System32\sechost.dll
0x00007ffb38f10000 - 0x00007ffb39028000 	C:\WINDOWS\System32\RPCRT4.dll
0x00007ffb38c00000 - 0x00007ffb38c80000 	C:\WINDOWS\System32\WS2_32.dll
0x00007ffb36fa0000 - 0x00007ffb36ffe000 	C:\WINDOWS\SYSTEM32\POWRPROF.dll
0x00007ffb2c860000 - 0x00007ffb2c896000 	C:\WINDOWS\SYSTEM32\WINMM.dll
0x00007ffb24ea0000 - 0x00007ffb24eab000 	C:\WINDOWS\SYSTEM32\VERSION.dll
0x00007ffb36f80000 - 0x00007ffb36f94000 	C:\WINDOWS\SYSTEM32\UMPDC.dll
0x00007ffb35e00000 - 0x00007ffb35e1b000 	C:\WINDOWS\SYSTEM32\kernel.appcore.dll
0x00007ffb2f0d0000 - 0x00007ffb2f0da000 	C:\Program Files\Android\Android Studio\jbr\bin\jimage.dll
0x00007ffb346c0000 - 0x00007ffb34902000 	C:\WINDOWS\SYSTEM32\DBGHELP.DLL
0x00007ffb38540000 - 0x00007ffb388c3000 	C:\WINDOWS\System32\combase.dll
0x00007ffb38e30000 - 0x00007ffb38f09000 	C:\WINDOWS\System32\OLEAUT32.dll
0x00007ffb0a9b0000 - 0x00007ffb0a9eb000 	C:\WINDOWS\SYSTEM32\dbgcore.DLL
0x00007ffb37530000 - 0x00007ffb375dc000 	C:\WINDOWS\System32\bcryptPrimitives.dll
0x00007ffb25ad0000 - 0x00007ffb25ade000 	C:\Program Files\Android\Android Studio\jbr\bin\instrument.dll
0x00007ffb25650000 - 0x00007ffb2566f000 	C:\Program Files\Android\Android Studio\jbr\bin\java.dll
0x00007ffb39890000 - 0x00007ffb39a29000 	C:\WINDOWS\System32\ole32.dll
0x00007ffb37da0000 - 0x00007ffb38532000 	C:\WINDOWS\System32\SHELL32.dll
0x00007ffb1cb00000 - 0x00007ffb1cb17000 	C:\Program Files\Android\Android Studio\jbr\bin\zip.dll
0x00007ffb34be0000 - 0x00007ffb35472000 	C:\WINDOWS\SYSTEM32\windows.storage.dll
0x00007ffb38d30000 - 0x00007ffb38e27000 	C:\WINDOWS\System32\SHCORE.dll
0x00007ffb39100000 - 0x00007ffb39167000 	C:\WINDOWS\System32\shlwapi.dll
0x00007ffb37040000 - 0x00007ffb37069000 	C:\WINDOWS\SYSTEM32\profapi.dll
0x00007ffb25a70000 - 0x00007ffb25a80000 	C:\Program Files\Android\Android Studio\jbr\bin\net.dll
0x00007ffb363b0000 - 0x00007ffb3641c000 	C:\WINDOWS\system32\mswsock.dll
0x00007ffb1c9e0000 - 0x00007ffb1c9f6000 	C:\Program Files\Android\Android Studio\jbr\bin\nio.dll
0x00007ffb1c9b0000 - 0x00007ffb1c9c0000 	C:\Program Files\Android\Android Studio\jbr\bin\verify.dll
0x00007ffb13c10000 - 0x00007ffb13c37000 	C:\Users\DELL\.gradle\native\660c5614fbf4a5f2a75b1949f50a0caf5cd603558e7d8a26e50b933a0cfb79d1\windows-amd64\native-platform.dll
0x00007ffb1c800000 - 0x00007ffb1c877000 	C:\Users\DELL\.gradle\native\0.2.8\x86_64-windows-gnu\gradle-fileevents.dll
0x00007ffb256a0000 - 0x00007ffb256a9000 	C:\Program Files\Android\Android Studio\jbr\bin\management.dll
0x00007ffb1d230000 - 0x00007ffb1d23b000 	C:\Program Files\Android\Android Studio\jbr\bin\management_ext.dll
0x00007ffb38d20000 - 0x00007ffb38d28000 	C:\WINDOWS\System32\PSAPI.DLL
0x00007ffb357d0000 - 0x00007ffb35803000 	C:\WINDOWS\SYSTEM32\IPHLPAPI.DLL
0x00007ffb38b60000 - 0x00007ffb38b6a000 	C:\WINDOWS\System32\NSI.dll
0x00007ffb25870000 - 0x00007ffb25879000 	C:\Program Files\Android\Android Studio\jbr\bin\extnet.dll
0x00007ffb366b0000 - 0x00007ffb366cb000 	C:\WINDOWS\SYSTEM32\CRYPTSP.dll
0x00007ffb35d60000 - 0x00007ffb35d99000 	C:\WINDOWS\system32\rsaenh.dll
0x00007ffb36470000 - 0x00007ffb364a2000 	C:\WINDOWS\SYSTEM32\USERENV.dll
0x00007ffb37010000 - 0x00007ffb3703a000 	C:\WINDOWS\SYSTEM32\bcrypt.dll
0x00007ffb366d0000 - 0x00007ffb366dc000 	C:\WINDOWS\SYSTEM32\CRYPTBASE.dll
0x00007ffb1cd60000 - 0x00007ffb1cd68000 	C:\WINDOWS\system32\wshunix.dll
0x00007ffb358c0000 - 0x00007ffb35a16000 	C:\WINDOWS\SYSTEM32\DNSAPI.dll
0x00007ffb36190000 - 0x00007ffb3619d000 	C:\WINDOWS\SYSTEM32\DSPARSE.dll
0x00007ffb24540000 - 0x00007ffb2454b000 	C:\Windows\System32\rasadhlp.dll
0x00007ffb2e490000 - 0x00007ffb2e516000 	C:\WINDOWS\System32\fwpuclnt.dll
0x00007ffb0b5a0000 - 0x00007ffb0b5e1000 	C:\Users\DELL\AppData\Local\Temp\jna-2094529\jna13825690488293556974.dll
0x00007ffb35f30000 - 0x00007ffb35f66000 	C:\WINDOWS\SYSTEM32\ntmarta.dll

JVMTI agents:
C:\Users\DELL\.gradle\wrapper\dists\gradle-9.6.1-bin\4ticwg1pgcbps2hj28r8so764\gradle-9.6.1\lib\agents\gradle-instrumentation-agent-9.6.1.jar path:C:\Program Files\Android\Android Studio\jbr\bin\instrument.dll, loaded, initialized, instrumentlib options:none

dbghelp: loaded successfully - version: 4.0.5 - missing functions: none
symbol engine: initialized successfully - sym options: 0x614 - pdb path: .;C:\Program Files\Android\Android Studio\jbr\bin;C:\WINDOWS\SYSTEM32;C:\WINDOWS\WinSxS\amd64_microsoft.windows.common-controls_6595b64144ccf1df_6.0.26100.8875_none_3e0d5d42e32fe9dd;C:\Program Files\Android\Android Studio\jbr\bin\server;C:\Users\DELL\.gradle\native\660c5614fbf4a5f2a75b1949f50a0caf5cd603558e7d8a26e50b933a0cfb79d1\windows-amd64;C:\Users\DELL\.gradle\native\0.2.8\x86_64-windows-gnu;C:\Users\DELL\AppData\Local\Temp\jna-2094529

VM Arguments:
jvm_args: --add-opens=java.base/java.lang=ALL-UNNAMED --add-opens=java.base/java.lang.invoke=ALL-UNNAMED --add-opens=java.base/java.util=ALL-UNNAMED --add-opens=java.prefs/java.util.prefs=ALL-UNNAMED --add-exports=jdk.compiler/com.sun.tools.javac.api=ALL-UNNAMED --add-exports=jdk.compiler/com.sun.tools.javac.util=ALL-UNNAMED --add-opens=java.base/java.nio.charset=ALL-UNNAMED --add-opens=java.base/java.net=ALL-UNNAMED --add-opens=java.base/java.util.concurrent=ALL-UNNAMED --add-opens=java.base/java.util.concurrent.atomic=ALL-UNNAMED --add-opens=java.xml/javax.xml.namespace=ALL-UNNAMED --add-opens=java.base/java.time=ALL-UNNAMED --enable-native-access=ALL-UNNAMED -Xmx4g -Dfile.encoding=UTF-8 -Duser.country=US -Duser.language=en -Duser.variant -javaagent:C:\Users\DELL\.gradle\wrapper\dists\gradle-9.6.1-bin\4ticwg1pgcbps2hj28r8so764\gradle-9.6.1\lib\agents\gradle-instrumentation-agent-9.6.1.jar 
java_command: org.gradle.launcher.daemon.bootstrap.GradleDaemon 9.6.1
java_class_path (initial): C:\Users\DELL\.gradle\wrapper\dists\gradle-9.6.1-bin\4ticwg1pgcbps2hj28r8so764\gradle-9.6.1\lib\gradle-daemon-main-9.6.1.jar
Launcher Type: SUN_STANDARD

[Global flags]
     intx CICompilerCount                          = 4                                         {product} {ergonomic}
     uint ConcGCThreads                            = 2                                         {product} {ergonomic}
     uint G1ConcRefinementThreads                  = 8                                         {product} {ergonomic}
   size_t G1HeapRegionSize                         = 2097152                                   {product} {ergonomic}
   size_t InitialHeapSize                          = 130023424                                 {product} {ergonomic}
   size_t MarkStackSize                            = 4194304                                   {product} {ergonomic}
   size_t MarkStackSizeMax                         = 536870912                                 {product} {ergonomic}
   size_t MaxHeapSize                              = 4294967296                                {product} {command line}
   size_t MaxNewSize                               = 2575302656                                {product} {ergonomic}
   size_t MinHeapDeltaBytes                        = 2097152                                   {product} {ergonomic}
   size_t MinHeapSize                              = 8388608                                   {product} {ergonomic}
    uintx NonNMethodCodeHeapSize                   = 5832704                                {pd product} {ergonomic}
    uintx NonProfiledCodeHeapSize                  = 122945536                              {pd product} {ergonomic}
    uintx ProfiledCodeHeapSize                     = 122880000                              {pd product} {ergonomic}
    uintx ReservedCodeCacheSize                    = 251658240                              {pd product} {ergonomic}
     bool SegmentedCodeCache                       = true                                      {product} {ergonomic}
   size_t SoftMaxHeapSize                          = 4294967296                             {manageable} {ergonomic}
     bool UseCompressedOops                        = true                           {product lp64_product} {ergonomic}
     bool UseG1GC                                  = true                                      {product} {ergonomic}
     bool UseLargePagesIndividualAllocation        = false                                  {pd product} {ergonomic}

Logging:
Log output configuration:
 #0: stdout all=warning uptime,level,tags foldmultilines=false
 #1: stderr all=off uptime,level,tags foldmultilines=false

Release file:
JAVA_VERSION="25.0.2" 
MODULES="java.base java.compiler java.datatransfer java.xml java.prefs java.desktop java.instrument java.logging java.management java.security.sasl java.naming java.rmi java.management.rmi java.net.http java.scripting java.security.jgss java.transaction.xa java.sql java.sql.rowset java.xml.crypto java.se java.smartcardio jdk.accessibility jdk.internal.jvmstat jdk.attach jdk.charsets jdk.internal.opt jdk.zipfs jdk.compiler jdk.crypto.cryptoki jdk.crypto.ec jdk.dynalink jdk.hotspot.agent jdk.httpserver jdk.internal.ed jdk.internal.le jdk.internal.md jdk.internal.vm.ci jdk.jartool jdk.javadoc jdk.jcmd jdk.jdeps jdk.jdwp.agent jdk.jdi jdk.jfr jdk.jlink jdk.localedata jdk.management jdk.management.agent jdk.management.jfr jdk.naming.dns jdk.naming.rmi jdk.net jdk.sctp jdk.security.auth jdk.security.jgss jdk.unsupported jdk.unsupported.desktop jdk.xml.dom" 
IMPLEMENTOR="JetBrains s.r.o." 
JAVA_RUNTIME_VERSION="25.0.2+-15348964-b329.117" 
LIBC="default" 
OS_ARCH="x86_64" 
OS_NAME="Windows" 
SOURCE=".:git:3cf398e84a39" 

Environment Variables:
PATH=C:\WINDOWS\system32;C:\WINDOWS;C:\WINDOWS\System32\Wbem;C:\WINDOWS\System32\WindowsPowerShell\v1.0\;C:\WINDOWS\System32\OpenSSH\;C:\Program Files\Git\cmd;C:\Program Files\Microsoft SQL Server\170\Tools\Binn\;C:\Program Files\dotnet\;C:\Program Files\nodejs\;C:\Users\DELL\AppData\Local\jcode\bin;C:\Users\DELL\AppData\Local\Microsoft\WindowsApps;C:\Users\DELL\.dotnet\tools;C:\Users\DELL\AppData\Local\Programs\Microsoft VS Code\bin;C:\Users\DELL\AppData\Roaming\npm
USERNAME=DELL
OS=Windows_NT
PROCESSOR_IDENTIFIER=Intel64 Family 6 Model 140 Stepping 1, GenuineIntel
TMP=C:\Users\DELL\AppData\Local\Temp
TEMP=C:\Users\DELL\AppData\Local\Temp




Compilation memory statistics disabled.

Periodic native trim disabled

JNI global refs:
JNI global refs: 25, weak refs: 57

JNI global refs memory usage: 835, weak refs: 1465

Process memory usage:
Resident Set Size: 693828K (8% of 8061192K total physical memory with 467760K free physical memory)

OOME stack traces (most recent first):
Classloader memory used:
Loader org.gradle.internal.classloader.VisitableURLClassLoader                         : 58637 K
Loader org.gradle.internal.classloader.VisitableURLClassLoader$InstrumentingVisitableURLClassLoader: 41695 K
Loader bootstrap                                                                       : 37272 K
Loader org.gradle.internal.classloader.VisitableURLClassLoader                         : 15009 K
Loader org.gradle.initialization.MixInLegacyTypesClassLoader                           : 14480 K
Loader jdk.internal.loader.ClassLoaders$AppClassLoader                                 : 188 K
Loader jdk.internal.loader.ClassLoaders$PlatformClassLoader                            : 130 K
Loader org.gradle.groovy.scripts.internal.DefaultScriptCompilationHandler$ScriptClassLoader: 121 K

Classes loaded by more than one classloader:
Class com.google.common.collect.Iterators$1                                           : loaded 5 times (x 83B)
Class com.google.common.collect.ImmutableList                                         : loaded 5 times (x 208B)
Class com.google.common.collect.Iterators$4                                           : loaded 5 times (x 84B)
Class com.google.common.collect.PeekingIterator                                       : loaded 5 times (x 72B)
Class Program                                                                         : loaded 5 times (x 74B)
Class com.google.common.base.Preconditions                                            : loaded 5 times (x 73B)
Class com.google.common.collect.Iterators$5                                           : loaded 5 times (x 84B)
Class com.google.common.collect.ImmutableCollection                                   : loaded 5 times (x 127B)
Class com.google.common.collect.Lists                                                 : loaded 5 times (x 73B)
Class com.google.common.collect.Iterators$ArrayItr                                    : loaded 5 times (x 99B)
Class com.google.common.collect.Iterators$9                                           : loaded 5 times (x 83B)
Class com.google.common.collect.Iterators$MergingIterator                             : loaded 5 times (x 83B)
Class com.google.common.collect.UnmodifiableIterator                                  : loaded 5 times (x 82B)
Class com.google.common.collect.Iterators$SingletonIterator                           : loaded 5 times (x 83B)
Class com.google.common.collect.Iterators                                             : loaded 5 times (x 73B)
Class com.google.common.collect.Lists$StringAsImmutableList                           : loaded 5 times (x 209B)
Class com.google.common.collect.AbstractIterator                                      : loaded 5 times (x 84B)
Class com.google.common.collect.AbstractIndexedListIterator                           : loaded 5 times (x 98B)
Class com.google.common.collect.UnmodifiableListIterator                              : loaded 5 times (x 97B)
Class com.google.common.collect.NullsFirstOrdering                                    : loaded 4 times (x 117B)
Class com.google.common.collect.RegularImmutableList                                  : loaded 4 times (x 209B)
Class com.google.common.collect.CompoundOrdering                                      : loaded 4 times (x 117B)
Class com.google.common.collect.ImmutableRangeSet$Builder                             : loaded 4 times (x 79B)
Class com.google.common.collect.ExplicitOrdering                                      : loaded 4 times (x 117B)
Class com.google.common.base.Function                                                 : loaded 4 times (x 72B)
Class com.google.common.collect.Range                                                 : loaded 4 times (x 88B)
Class com.google.common.collect.RegularImmutableSortedSet                             : loaded 4 times (x 302B)
Class com.google.common.collect.ImmutableRangeSet$1                                   : loaded 4 times (x 212B)
Class com.google.common.collect.RegularImmutableAsList                                : loaded 4 times (x 219B)
Class com.google.common.collect.ImmutableSet                                          : loaded 4 times (x 147B)
Class com.google.common.collect.ImmutableList$Builder                                 : loaded 4 times (x 79B)
Class com.google.common.collect.ImmutableSortedSet                                    : loaded 4 times (x 302B)
Class com.google.common.collect.SingletonImmutableSet                                 : loaded 4 times (x 148B)
Class com.google.common.collect.UsingToStringOrdering                                 : loaded 4 times (x 116B)
Class com.google.common.collect.RegularImmutableSet                                   : loaded 4 times (x 150B)
Class com.google.common.collect.ImmutableAsList                                       : loaded 4 times (x 211B)
Class org.gradle.internal.Cast                                                        : loaded 4 times (x 73B)
Class org.gradle.api.Action                                                           : loaded 4 times (x 72B)
Class com.google.common.base.Joiner                                                   : loaded 4 times (x 82B)
Class com.google.common.base.Predicate                                                : loaded 4 times (x 72B)
Class com.google.common.collect.ImmutableList$1                                       : loaded 4 times (x 99B)
Class com.google.common.collect.AbstractRangeSet                                      : loaded 4 times (x 116B)
Class com.google.common.collect.ImmutableRangeSet$AsSet                               : loaded 4 times (x 302B)
Class com.google.common.collect.ImmutableSet$CachingAsList                            : loaded 4 times (x 150B)
Class com.google.common.collect.ImmutableCollection$Builder                           : loaded 4 times (x 78B)
Class org.gradle.api.GradleException                                                  : loaded 4 times (x 84B)
Class com.google.common.collect.AllEqualOrdering                                      : loaded 4 times (x 116B)
Class com.google.common.collect.NullsLastOrdering                                     : loaded 4 times (x 117B)
Class org.gradle.internal.IoActions                                                   : loaded 4 times (x 73B)
Class com.google.common.collect.ImmutableSet$RegularSetBuilderImpl                    : loaded 4 times (x 78B)
Class com.google.common.collect.ImmutableRangeSet$ComplementRanges                    : loaded 4 times (x 209B)
Class com.google.common.collect.NaturalOrdering                                       : loaded 4 times (x 117B)
Class com.google.common.collect.ComparatorOrdering                                    : loaded 4 times (x 117B)
Class com.google.common.collect.SingletonImmutableList                                : loaded 4 times (x 209B)
Class com.google.common.base.Joiner$1                                                 : loaded 4 times (x 83B)
Class com.google.common.collect.SortedIterable                                        : loaded 4 times (x 72B)
Class com.google.common.collect.ImmutableList$SubList                                 : loaded 4 times (x 209B)
Class com.google.common.collect.ByFunctionOrdering                                    : loaded 4 times (x 117B)
Class com.google.common.collect.ImmutableRangeSet                                     : loaded 4 times (x 117B)
Class com.google.common.base.Joiner$2                                                 : loaded 4 times (x 82B)
Class com.google.common.collect.Ordering                                              : loaded 4 times (x 116B)
Class com.google.common.collect.RangeSet                                              : loaded 4 times (x 72B)
Class com.google.common.collect.ReverseNaturalOrdering                                : loaded 4 times (x 116B)
Class com.google.common.collect.ReverseOrdering                                       : loaded 4 times (x 117B)
Class com.google.common.collect.ImmutableList$ReverseImmutableList                    : loaded 4 times (x 209B)
Class com.google.common.collect.LexicographicalOrdering                               : loaded 4 times (x 117B)
Class com.google.common.collect.ImmutableSet$SetBuilderImpl                           : loaded 4 times (x 78B)
Class org.gradle.util.GradleVersion                                                   : loaded 3 times (x 83B)
Class com.google.gson.stream.MalformedJsonException                                   : loaded 3 times (x 84B)
Class io.opentelemetry.api.trace.SpanContextKey                                       : loaded 3 times (x 73B)
Class kotlin.coroutines.jvm.internal.SuspendFunction                                  : loaded 3 times (x 72B)
Class org.gradle.tooling.internal.adapter.TargetTypeProvider                          : loaded 3 times (x 72B)
Class com.google.common.collect.ComparisonChain$InactiveComparisonChain               : loaded 3 times (x 82B)
Class com.android.builder.model.v2.ide.BasicArtifact                                  : loaded 3 times (x 72B)
Class org.gradle.tooling.model.DomainObjectSet                                        : loaded 3 times (x 72B)
Class com.android.builder.model.v2.ide.AaptOptions$Namespacing                        : loaded 3 times (x 81B)
Class com.android.utils.FileUtils                                                     : loaded 3 times (x 73B)
Class org.gradle.tooling.model.idea.IdeaProject                                       : loaded 3 times (x 72B)
Class org.jetbrains.plugins.gradle.model.AnnotationProcessingModel                    : loaded 3 times (x 72B)
Class org.gradle.tooling.internal.adapter.ProtocolToModelAdapter$ViewGraphDetails     : loaded 3 times (x 74B)
Class kotlin.sequences.TransformingSequence                                           : loaded 3 times (x 77B)
Class org.gradle.tooling.internal.adapter.MethodInvocation                            : loaded 3 times (x 87B)
Class kotlin.coroutines.jvm.internal.SpillingKt                                       : loaded 3 times (x 73B)
Class io.opentelemetry.api.internal.OtelEncodingUtils                                 : loaded 3 times (x 73B)
Class org.gradle.internal.operations.MultipleBuildOperationFailures                   : loaded 3 times (x 97B)
Class org.jetbrains.plugins.gradle.model.GradleExtensions                             : loaded 3 times (x 72B)
Class com.android.builder.model.v2.ide.LintOptions                                    : loaded 3 times (x 72B)
Class Build_gradle                                                                    : loaded 3 times (x 128B)
Class kotlin.jvm.internal.markers.KMappedMarker                                       : loaded 3 times (x 72B)
Class org.gradle.internal.time.Timer                                                  : loaded 3 times (x 72B)
Class com.android.builder.model.v2.ide.SourceSetContainer                             : loaded 3 times (x 72B)
Class com.android.ide.gradle.model.GradlePluginModel                                  : loaded 3 times (x 72B)
Class org.gradle.tooling.model.build.JavaEnvironment                                  : loaded 3 times (x 72B)
Class com.intellij.util.containers.IntObjectHashMap$ArrayProducer                     : loaded 3 times (x 72B)
Class io.opentelemetry.api.GlobalOpenTelemetry                                        : loaded 3 times (x 73B)
Class org.jetbrains.kotlin.idea.gradleTooling.AndroidAwareGradleModelProvider$Companion: loaded 3 times (x 73B)
Class com.android.builder.model.v2.models.VariantDependenciesFlatList                 : loaded 3 times (x 72B)
Class org.jetbrains.plugins.gradle.model.UnresolvedExternalDependency                 : loaded 3 times (x 72B)
Class com.android.builder.model.v2.ide.Edge                                           : loaded 3 times (x 72B)
Class com.google.common.base.CharMatcher$InRange                                      : loaded 3 times (x 113B)
Class org.jetbrains.kotlin.idea.gradleTooling.PrepareKotlinIdeImportTaskModel         : loaded 3 times (x 72B)
Class org.gradle.tooling.model.HasGradleProject                                       : loaded 3 times (x 72B)
Class org.gradle.tooling.model.BuildableElement                                       : loaded 3 times (x 72B)
Class com.android.builder.model.v2.ide.VectorDrawablesOptions                         : loaded 3 times (x 72B)
Class kotlin.NoWhenBranchMatchedException                                             : loaded 3 times (x 84B)
Class org.jetbrains.kotlin.idea.gradleTooling.KotlinMPPGradleModel                    : loaded 3 times (x 72B)
Class io.opentelemetry.context.propagation.ContextPropagators                         : loaded 3 times (x 72B)
Class org.gradle.tooling.model.BuildIdentifier                                        : loaded 3 times (x 72B)
Class io.opentelemetry.context.ContextStorageProvider                                 : loaded 3 times (x 72B)
Class kotlin.text.MatcherMatchResult$groupValues$1                                    : loaded 3 times (x 200B)
Class kotlin.sequences.SequencesKt___SequencesKt                                      : loaded 3 times (x 73B)
Class com.intellij.gradle.toolingExtension.impl.model.dependencyDownloadPolicyModel.GradleDependencyDownloadPolicy: loaded 3 times (x 72B)
Class io.opentelemetry.context.Scope                                                  : loaded 3 times (x 72B)
Class kotlin.collections.AbstractList$Companion                                       : loaded 3 times (x 73B)
Class org.jetbrains.plugins.gradle.model.DependencyAccessorsModel                     : loaded 3 times (x 72B)
Class gnu.trove.TObjectIntHashMap                                                     : loaded 3 times (x 111B)
Class [Lcom.intellij.openapi.externalSystem.model.project.dependencies.ResolutionState;: loaded 3 times (x 71B)
Class kotlin.jvm.internal.CallableReference$NoReceiver                                : loaded 3 times (x 73B)
Class kotlin.jvm.internal.Ref$BooleanRef                                              : loaded 3 times (x 73B)
Class kotlin.text.StringsKt__StringBuilderKt                                          : loaded 3 times (x 73B)
Class com.android.builder.model.v2.ide.AndroidArtifact                                : loaded 3 times (x 72B)
Class [Lcom.android.ide.common.repository.AgpVersion$PreviewKind;                     : loaded 3 times (x 71B)
Class kotlin.sequences.SequencesKt___SequencesKt$flatMap$2                            : loaded 3 times (x 131B)
Class com.google.common.base.CharMatcher$NamedFastMatcher                             : loaded 3 times (x 114B)
Class org.jetbrains.plugins.gradle.tooling.serialization.internal.IdeaProjectSerializationService: loaded 3 times (x 79B)
Class com.google.common.base.CharMatcher$1                                            : loaded 3 times (x 115B)
Class org.jetbrains.plugins.gradle.tooling.serialization.AnnotationProcessingModelSerializationService: loaded 3 times (x 79B)
Class kotlin.collections.ArraysKt__ArraysJVMKt                                        : loaded 3 times (x 73B)
Class com.android.builder.model.v2.models.ProjectGraph                                : loaded 3 times (x 72B)
Class com.android.ide.common.repository.AgpVersion$PreviewKind                        : loaded 3 times (x 81B)
Class kotlin.jvm.internal.StringCompanionObject                                       : loaded 3 times (x 73B)
Class com.google.gson.stream.JsonReader                                               : loaded 3 times (x 99B)
Class com.google.common.base.CharMatcher                                              : loaded 3 times (x 113B)
Class kotlin.text.StringsKt__AppendableKt                                             : loaded 3 times (x 73B)
Class kotlin.ranges.IntProgression$Companion                                          : loaded 3 times (x 73B)
Class com.android.builder.model.v2.models.AndroidDsl                                  : loaded 3 times (x 72B)
Class org.gradle.internal.time.Time                                                   : loaded 3 times (x 73B)
Class io.opentelemetry.api.trace.TraceFlags                                           : loaded 3 times (x 72B)
Class org.gradle.tooling.internal.gradle.DefaultProjectIdentifier                     : loaded 3 times (x 88B)
Class org.jetbrains.plugins.gradle.tooling.serialization.ExternalTestsSerializationService: loaded 3 times (x 79B)
Class kotlin.coroutines.EmptyCoroutineContext                                         : loaded 3 times (x 79B)
Class kotlin.collections.SetsKt__SetsKt                                               : loaded 3 times (x 73B)
Class com.google.common.collect.ForwardingObject                                      : loaded 3 times (x 74B)
Class kotlin.coroutines.intrinsics.IntrinsicsKt__IntrinsicsJvmKt                      : loaded 3 times (x 73B)
Class kotlin.coroutines.jvm.internal.CoroutineStackFrame                              : loaded 3 times (x 72B)
Class com.android.builder.model.v2.dsl.DependenciesInfo                               : loaded 3 times (x 72B)
Class org.gradle.tooling.model.HierarchicalElement                                    : loaded 3 times (x 72B)
Class io.opentelemetry.api.trace.PropagatedSpan                                       : loaded 3 times (x 114B)
Class com.intellij.gradle.toolingExtension.impl.model.projectModel.GradleExternalProjectSerializationService: loaded 3 times (x 79B)
Class kotlin.collections.ArraysKt                                                     : loaded 3 times (x 73B)
Class kotlin.collections.ArrayDeque$Companion                                         : loaded 3 times (x 73B)
Class org.jetbrains.plugins.gradle.tooling.serialization.GradleExtensionsSerializationService$WriteContext: loaded 3 times (x 74B)
Class kotlin.text.CharsKt__CharKt                                                     : loaded 3 times (x 73B)
Class com.android.builder.model.v2.ide.ProjectInfo                                    : loaded 3 times (x 72B)
Class com.google.common.base.CharMatcher$Negated                                      : loaded 3 times (x 115B)
Class com.google.common.base.CharMatcher$Is                                           : loaded 3 times (x 113B)
Class com.intellij.gradle.toolingExtension.impl.model.taskModel.GradleTaskSerialisationService$Companion: loaded 3 times (x 73B)
Class org.jetbrains.plugins.gradle.model.tests.ExternalTestsModel                     : loaded 3 times (x 72B)
Class com.intellij.gradle.toolingExtension.impl.model.buildScriptClasspathModel.GradleBuildScriptClasspathSerializationService$ReadContext: loaded 3 times (x 74B)
Class org.gradle.internal.exceptions.DefaultMultiCauseException                       : loaded 3 times (x 97B)
Class io.opentelemetry.api.OpenTelemetry                                              : loaded 3 times (x 72B)
Class org.gradle.tooling.internal.adapter.WeakIdentityHashMap$WeakKey                 : loaded 3 times (x 82B)
Class org.gradle.tooling.internal.adapter.ProtocolToModelAdapter$SafeMethodInvoker    : loaded 3 times (x 78B)
Class org.gradle.tooling.model.idea.IdeaLanguageLevel                                 : loaded 3 times (x 72B)
Class kotlin.ranges.RangesKt___RangesKt                                               : loaded 3 times (x 73B)
Class com.android.ide.common.repository.AgpVersion$Companion$WhenMappings             : loaded 3 times (x 73B)
Class kotlin.KotlinNullPointerException                                               : loaded 3 times (x 84B)
Class kotlin.sequences.SequenceBuilderIterator                                        : loaded 3 times (x 87B)
Class kotlin.ranges.OpenEndRange                                                      : loaded 3 times (x 72B)
Class org.gradle.tooling.model.gradle.GradleBuild                                     : loaded 3 times (x 72B)
Class io.opentelemetry.api.trace.Span                                                 : loaded 3 times (x 72B)
Class org.gradle.tooling.model.ProjectModel                                           : loaded 3 times (x 72B)
Class kotlin.text.StringsKt__StringNumberConversionsJVMKt                             : loaded 3 times (x 73B)
Class com.intellij.gradle.toolingExtension.impl.model.dependencyModel.DependencyWriteContext: loaded 3 times (x 74B)
Class org.gradle.tooling.internal.adapter.ProtocolToModelAdapter$MethodInvocationCache$MethodInvocationKey: loaded 3 times (x 75B)
Class com.intellij.gradle.toolingExtension.impl.model.projectModel.GradleExternalProjectSerializationService$ReadContext: loaded 3 times (x 75B)
Class kotlin.text.MatchResult                                                         : loaded 3 times (x 72B)
Class kotlin.collections.CollectionsKt__IterablesKt                                   : loaded 3 times (x 73B)
Class com.android.builder.model.v2.models.BasicAndroidProject                         : loaded 3 times (x 72B)
Class kotlin.sequences.SequenceScope                                                  : loaded 3 times (x 75B)
Class kotlin.sequences.Sequence                                                       : loaded 3 times (x 72B)
Class org.gradle.tooling.ToolingModelContract                                         : loaded 3 times (x 72B)
Class kotlin.coroutines.intrinsics.CoroutineSingletons                                : loaded 3 times (x 81B)
Class kotlin.collections.MapsKt                                                       : loaded 3 times (x 73B)
Class kotlin.jvm.internal.Intrinsics                                                  : loaded 3 times (x 73B)
Class org.gradle.internal.time.CountdownTimer                                         : loaded 3 times (x 72B)
Class org.gradle.internal.exceptions.MultiCauseException                              : loaded 3 times (x 72B)
Class kotlin.coroutines.intrinsics.IntrinsicsKt                                       : loaded 3 times (x 73B)
Class kotlin.jvm.internal.markers.KMutableCollection                                  : loaded 3 times (x 72B)
Class kotlin.reflect.KAnnotatedElement                                                : loaded 3 times (x 72B)
Class kotlin.collections.EmptyMap                                                     : loaded 3 times (x 110B)
Class kotlin.text.MatcherMatchResult$groups$1                                         : loaded 3 times (x 153B)
Class com.android.builder.model.v2.ide.TestedTargetVariant                            : loaded 3 times (x 72B)
Class kotlin.ranges.IntRange$Companion                                                : loaded 3 times (x 73B)
Class kotlin.collections.CollectionsKt___CollectionsKt$asSequence$$inlined$Sequence$1 : loaded 3 times (x 77B)
Class com.intellij.gradle.toolingExtension.model.repositoryModel.ProjectRepositoriesModel: loaded 3 times (x 72B)
Class io.opentelemetry.context.propagation.NoopTextMapPropagator                      : loaded 3 times (x 78B)
Class gnu.trove.TObjectCanonicalHashingStrategy                                       : loaded 3 times (x 80B)
Class org.jetbrains.plugins.gradle.model.GradleProperty                               : loaded 3 times (x 72B)
Class com.android.builder.model.v2.models.VariantDependencies                         : loaded 3 times (x 72B)
Class org.gradle.tooling.model.gradle.ProjectPublications                             : loaded 3 times (x 72B)
Class org.jetbrains.plugins.gradle.javaModel.JavaGradleManifestModel                  : loaded 3 times (x 72B)
Class org.jetbrains.kotlin.tooling.core.HasMutableExtras                              : loaded 3 times (x 72B)
Class kotlin.enums.EnumEntriesKt                                                      : loaded 3 times (x 73B)
Class org.jetbrains.kotlin.idea.gradleTooling.model.kapt.KaptGradleModel              : loaded 3 times (x 72B)
Class org.jetbrains.plugins.gradle.model.ClasspathEntryModel                          : loaded 3 times (x 72B)
Class org.jetbrains.kotlin.idea.gradleTooling.KotlinDslScriptAdditionalTask           : loaded 3 times (x 72B)
Class kotlin.io.NoSuchFileException                                                   : loaded 3 times (x 84B)
Class kotlin.collections.CollectionsKt__MutableCollectionsJVMKt                       : loaded 3 times (x 73B)
Class kotlin.collections.CollectionsKt                                                : loaded 3 times (x 73B)
Class kotlin.text.StringsKt___StringsKt                                               : loaded 3 times (x 73B)
Class org.gradle.tooling.internal.adapter.ProtocolToModelAdapter$ReflectionMethodInvoker: loaded 3 times (x 78B)
Class org.gradle.api.JavaVersion                                                      : loaded 3 times (x 81B)
Class gnu.trove.TObjectHashingStrategy                                                : loaded 3 times (x 72B)
Class kotlin.collections.MapsKt__MapWithDefaultKt                                     : loaded 3 times (x 73B)
Class org.jetbrains.plugins.gradle.tooling.serialization.GradleExtensionsSerializationService: loaded 3 times (x 79B)
Class com.intellij.platform.diagnostic.telemetry.rt.context.TelemetryContextGetter    : loaded 3 times (x 77B)
Class org.gradle.tooling.model.Dependency                                             : loaded 3 times (x 72B)
Class io.opentelemetry.context.LazyStorage                                            : loaded 3 times (x 73B)
Class org.jetbrains.plugins.gradle.tooling.ModelBuilderService$Parameter              : loaded 3 times (x 72B)
Class kotlin.collections.ArraysKt___ArraysKt                                          : loaded 3 times (x 73B)
Class kotlin.collections.MapsKt___MapsKt                                              : loaded 3 times (x 73B)
Class com.android.builder.model.v2.models.Versions$Version                            : loaded 3 times (x 72B)
Class kotlin.io.FilesKt                                                               : loaded 3 times (x 73B)
Class org.jetbrains.plugins.gradle.model.AnnotationProcessingConfig                   : loaded 3 times (x 72B)
Class org.gradle.tooling.model.eclipse.HierarchicalEclipseProject                     : loaded 3 times (x 72B)
Class io.opentelemetry.api.trace.TraceState                                           : loaded 3 times (x 72B)
Class kotlin.text.StringsKt__RegexExtensionsJVMKt                                     : loaded 3 times (x 73B)
Class com.android.builder.model.v2.ide.AbstractArtifact                               : loaded 3 times (x 72B)
Class com.google.common.collect.ComparisonChain$1                                     : loaded 3 times (x 83B)
Class [Lio.opentelemetry.api.trace.ImmutableTraceFlags;                               : loaded 3 times (x 71B)
Class kotlin.collections.ArraysKt___ArraysJvmKt                                       : loaded 3 times (x 73B)
Class kotlin.collections.CollectionsKt__CollectionsKt                                 : loaded 3 times (x 73B)
Class gnu.trove.Equality                                                              : loaded 3 times (x 72B)
Class com.intellij.openapi.externalSystem.model.project.dependencies.ResolutionState  : loaded 3 times (x 81B)
Class kotlin.annotation.Retention                                                     : loaded 3 times (x 72B)
Class kotlin.reflect.KDeclarationContainer                                            : loaded 3 times (x 72B)
Class com.android.builder.model.v2.ide.ApiVersion                                     : loaded 3 times (x 72B)
Class kotlin.text.StringsKt___StringsJvmKt                                            : loaded 3 times (x 73B)
Class com.android.builder.model.v2.ide.AndroidLibraryData                             : loaded 3 times (x 72B)
Class org.gradle.tooling.internal.adapter.ViewBuilder                                 : loaded 3 times (x 72B)
Class org.gradle.tooling.model.idea.IdeaModuleDependency                              : loaded 3 times (x 72B)
Class kotlin.text.Regex$Companion                                                     : loaded 3 times (x 73B)
Class org.gradle.internal.exceptions.NonGradleCauseExceptionsHolder                   : loaded 3 times (x 72B)
Class org.gradle.tooling.internal.adapter.ProtocolToModelAdapter$InvocationHandlerImpl: loaded 3 times (x 79B)
Class org.jetbrains.plugins.gradle.model.ExternalLibraryDependency                    : loaded 3 times (x 72B)
Class io.opentelemetry.api.trace.AutoValue_ArrayBasedTraceState                       : loaded 3 times (x 89B)
Class org.jetbrains.plugins.gradle.tooling.util.ObjectCollector$Processor             : loaded 3 times (x 72B)
Class gnu.trove.TObjectHash                                                           : loaded 3 times (x 96B)
Class kotlin.collections.CollectionsKt___CollectionsKt                                : loaded 3 times (x 73B)
Class kotlin.annotation.Target                                                        : loaded 3 times (x 72B)
Class kotlin.collections.EmptySet                                                     : loaded 3 times (x 124B)
Class kotlin.jvm.functions.Function4                                                  : loaded 3 times (x 72B)
Class com.google.common.base.CharMatcher$NegatedFastMatcher                           : loaded 3 times (x 115B)
Class org.gradle.tooling.internal.adapter.WeakIdentityHashMap$AbsentValueProvider     : loaded 3 times (x 72B)
Class org.jetbrains.plugins.gradle.tooling.util.IntObjectMap$ObjectFactory            : loaded 3 times (x 72B)
Class org.gradle.tooling.model.build.GradleEnvironment                                : loaded 3 times (x 72B)
Class com.intellij.gradle.toolingExtension.impl.model.utilTurnOffDefaultTasksModel.TurnOffDefaultTasks: loaded 3 times (x 72B)
Class kotlin.jvm.internal.FunctionReference                                           : loaded 3 times (x 128B)
Class io.opentelemetry.api.trace.TracerProvider                                       : loaded 3 times (x 72B)
Class [Lkotlin.coroutines.intrinsics.CoroutineSingletons;                             : loaded 3 times (x 71B)
Class kotlin.jvm.internal.FunctionBase                                                : loaded 3 times (x 72B)
Class com.android.ide.gradle.model.dependencies.Coordinates                           : loaded 3 times (x 72B)
Class kotlin.enums.EnumEntriesList                                                    : loaded 3 times (x 225B)
Class kotlin.collections.MapsKt___MapsJvmKt                                           : loaded 3 times (x 73B)
Class com.android.builder.model.v2.models.VariantDependenciesAdjacencyList            : loaded 3 times (x 72B)
Class io.opentelemetry.api.trace.ArrayBasedTraceStateBuilder                          : loaded 3 times (x 79B)
Class org.jetbrains.plugins.gradle.model.GradleSourceSetModel                         : loaded 3 times (x 72B)
Class com.intellij.gradle.toolingExtension.impl.model.sourceSetDependencyModel.GradleSourceSetDependencySerialisationService: loaded 3 times (x 79B)
Class org.jetbrains.plugins.gradle.tooling.serialization.internal.IdeaProjectSerializationService$WriteContext: loaded 3 times (x 74B)
Class kotlin.jvm.functions.Function2                                                  : loaded 3 times (x 72B)
Class com.intellij.gradle.toolingExtension.impl.model.sourceSetModel.GradleSourceSetSerialisationService$SourceSetModelReadContext: loaded 3 times (x 74B)
Class kotlin.comparisons.ComparisonsKt___ComparisonsJvmKt                             : loaded 3 times (x 73B)
Class kotlin.KotlinNothingValueException                                              : loaded 3 times (x 84B)
Class com.android.builder.model.v2.models.ndk.NativeModelBuilderParameter             : loaded 3 times (x 72B)
Class io.opentelemetry.api.trace.TraceId                                              : loaded 3 times (x 73B)
Class com.google.common.base.CharMatcher$FastMatcher                                  : loaded 3 times (x 113B)
Class kotlin.collections.CollectionsKt__IteratorsJVMKt                                : loaded 3 times (x 73B)
Class kotlin.jvm.functions.Function1                                                  : loaded 3 times (x 72B)
Class kotlin.collections.AbstractMutableList                                          : loaded 3 times (x 208B)
Class com.android.builder.model.v2.ide.AaptOptions                                    : loaded 3 times (x 72B)
Class [Lcom.android.builder.model.v2.ide.BytecodeTransformation;                      : loaded 3 times (x 71B)
Class org.gradle.tooling.model.idea.IdeaDependency                                    : loaded 3 times (x 72B)
Class org.gradle.tooling.model.eclipse.EclipseProject                                 : loaded 3 times (x 72B)
Class kotlin.ranges.IntProgressionIterator                                            : loaded 3 times (x 84B)
Class com.android.builder.model.v2.dsl.BuildType                                      : loaded 3 times (x 72B)
Class org.jetbrains.plugins.gradle.tooling.serialization.ExternalTestsSerializationService$ReadContext: loaded 3 times (x 74B)
Class kotlin.collections.ArraysUtilJVM                                                : loaded 3 times (x 73B)
Class kotlin.jvm.functions.Function0                                                  : loaded 3 times (x 72B)
Class kotlin.sequences.FlatteningSequence$iterator$1                                  : loaded 3 times (x 81B)
Class com.android.builder.model.v2.ide.TestInfo$Execution                             : loaded 3 times (x 81B)
Class com.android.ide.common.repository.AgpVersion$Companion                          : loaded 3 times (x 73B)
Class com.google.common.base.CharMatcher$IsEither                                     : loaded 3 times (x 113B)
Class kotlin.coroutines.CoroutineContext                                              : loaded 3 times (x 72B)
Class io.opentelemetry.context.ContextKey                                             : loaded 3 times (x 72B)
Class kotlin.Result                                                                   : loaded 3 times (x 74B)
Class io.opentelemetry.context.ContextStorageWrappers                                 : loaded 3 times (x 73B)
Class io.opentelemetry.context.propagation.DefaultContextPropagators                  : loaded 3 times (x 77B)
Class io.opentelemetry.api.trace.ArrayBasedTraceState                                 : loaded 3 times (x 88B)
Class org.jetbrains.plugins.gradle.model.IntelliJSettings                             : loaded 3 times (x 72B)
Class org.jetbrains.kotlin.idea.gradleTooling.KotlinSourceSetContainer                : loaded 3 times (x 72B)
Class org.gradle.tooling.internal.adapter.ProtocolToModelAdapter$ViewGraphDetails$1   : loaded 3 times (x 79B)
Class kotlin.ranges.RangesKt                                                          : loaded 3 times (x 73B)
Class [Lcom.android.builder.model.v2.ide.AaptOptions$Namespacing;                     : loaded 3 times (x 71B)
Class com.google.common.base.CharMatcher$Or                                           : loaded 3 times (x 114B)
Class io.opentelemetry.api.trace.Tracer                                               : loaded 3 times (x 72B)
Class org.gradle.tooling.internal.adapter.ProtocolToModelAdapter$DefaultViewBuilder   : loaded 3 times (x 82B)
Class kotlin.sequences.SequencesKt___SequencesJvmKt                                   : loaded 3 times (x 73B)
Class com.android.ide.gradle.model.GradlePropertiesModel                              : loaded 3 times (x 72B)
Class kotlin.coroutines.jvm.internal.DebugProbesKt                                    : loaded 3 times (x 73B)
Class kotlin.sequences.TransformingSequence$iterator$1                                : loaded 3 times (x 81B)
Class kotlin.Pair                                                                     : loaded 3 times (x 74B)
Class com.intellij.gradle.toolingExtension.util.GradleVersionUtil                     : loaded 3 times (x 73B)
Class org.gradle.tooling.internal.adapter.ProtocolToModelAdapter$SupportedPropertyInvoker: loaded 3 times (x 78B)
Class org.gradle.tooling.model.UnsupportedMethodException                             : loaded 3 times (x 84B)
Class kotlin.Unit                                                                     : loaded 3 times (x 73B)
Class kotlin.jvm.internal.markers.KMutableIterable                                    : loaded 3 times (x 72B)
Class kotlin.TuplesKt                                                                 : loaded 3 times (x 73B)
Class [Lcom.android.builder.model.v2.ide.ProjectType;                                 : loaded 3 times (x 71B)
Class kotlin.collections.CollectionsKt___CollectionsJvmKt                             : loaded 3 times (x 73B)
Class kotlin.jvm.internal.FunctionReferenceImpl                                       : loaded 3 times (x 128B)
Class [Lcom.google.gson.Strictness;                                                   : loaded 3 times (x 71B)
Class com.google.common.base.CharMatcher$BitSetMatcher                                : loaded 3 times (x 114B)
Class [Lio.opentelemetry.context.ThreadLocalContextStorage;                           : loaded 3 times (x 71B)
Class com.android.builder.model.v2.ide.BytecodeTransformation                         : loaded 3 times (x 81B)
Class com.intellij.gradle.toolingExtension.impl.model.sourceSetModel.GradleSourceSetSerialisationService$SourceSetModelWriteContext: loaded 3 times (x 74B)
Class kotlin.collections.CollectionsKt__MutableCollectionsKt                          : loaded 3 times (x 73B)
Class com.intellij.gradle.toolingExtension.impl.model.sourceSetModel.GradleSourceSetSerialisationService$Companion: loaded 3 times (x 73B)
Class org.gradle.util.internal.DefaultGradleVersion                                   : loaded 3 times (x 84B)
Class org.jetbrains.plugins.gradle.model.GradleBuildScriptClasspathModel              : loaded 3 times (x 72B)
Class kotlin.Result$Companion                                                         : loaded 3 times (x 73B)
Class kotlin.coroutines.jvm.internal.BaseContinuationImpl                             : loaded 3 times (x 89B)
Class com.android.builder.model.v2.ide.SourceProvider                                 : loaded 3 times (x 72B)
Class com.android.builder.model.v2.ide.BundleInfo                                     : loaded 3 times (x 72B)
Class kotlin.comparisons.ComparisonsKt___ComparisonsKt                                : loaded 3 times (x 73B)
Class kotlin.comparisons.ComparisonsKt                                                : loaded 3 times (x 73B)
Class kotlin.text.CharsKt__CharJVMKt                                                  : loaded 3 times (x 73B)
Class kotlin.sequences.FilteringSequence                                              : loaded 3 times (x 77B)
Class io.opentelemetry.api.trace.SpanId                                               : loaded 3 times (x 73B)
Class kotlin.coroutines.Continuation                                                  : loaded 3 times (x 72B)
Class kotlin.io.TerminateException                                                    : loaded 3 times (x 84B)
Class kotlin.io.FilesKt__FilePathComponentsKt                                         : loaded 3 times (x 73B)
Class com.android.builder.model.v2.ide.CodeShrinker                                   : loaded 3 times (x 81B)
Class kotlin.collections.CollectionsKt__ReversedViewsKt                               : loaded 3 times (x 73B)
Class kotlin.sequences.SequencesKt__SequenceBuilderKt                                 : loaded 3 times (x 73B)
Class kotlin.reflect.KCallable                                                        : loaded 3 times (x 72B)
Class org.jetbrains.plugins.gradle.tooling.serialization.AnnotationProcessingModelSerializationService$WriteContext: loaded 3 times (x 74B)
Class io.opentelemetry.api.trace.SpanContext                                          : loaded 3 times (x 72B)
Class io.opentelemetry.api.trace.DefaultTracer$NoopSpanBuilder                        : loaded 3 times (x 93B)
Class kotlin.sequences.SequencesKt__SequencesKt                                       : loaded 3 times (x 73B)
Class kotlin.collections.SetsKt___SetsKt                                              : loaded 3 times (x 73B)
Class kotlin.ranges.RangesKt__RangesKt                                                : loaded 3 times (x 73B)
Class com.android.builder.model.v2.ide.BasicVariant                                   : loaded 3 times (x 72B)
Class kotlin.text.CharsKt                                                             : loaded 3 times (x 73B)
Class kotlin.io.FilesKt__FileTreeWalkKt                                               : loaded 3 times (x 73B)
Class kotlin.jvm.internal.CollectionToArray                                           : loaded 3 times (x 73B)
Class com.android.builder.model.v2.ide.AndroidGradlePluginProjectFlags                : loaded 3 times (x 72B)
Class org.gradle.tooling.model.kotlin.dsl.KotlinDslScriptModel                        : loaded 3 times (x 72B)
Class com.intellij.gradle.toolingExtension.impl.util.collectionUtil.GradleCollections : loaded 3 times (x 73B)
Class org.jetbrains.plugins.gradle.tooling.serialization.ProjectDependenciesSerializationService$WriteContext: loaded 3 times (x 74B)
Class org.jetbrains.plugins.gradle.tooling.serialization.ProjectDependenciesSerializationService: loaded 3 times (x 79B)
Class org.gradle.tooling.internal.adapter.CollectionMapper                            : loaded 3 times (x 75B)
Class com.intellij.compose.ide.plugin.gradleTooling.rt.ComposeResourcesModel          : loaded 3 times (x 72B)
Class org.jetbrains.kotlin.idea.gradleTooling.KotlinGradlePluginVersion               : loaded 3 times (x 72B)
Class [Lcom.android.builder.model.v2.ide.AndroidGradlePluginProjectFlags$BooleanFlag; : loaded 3 times (x 71B)
Class kotlin.comparisons.ComparisonsKt__ComparisonsKt                                 : loaded 3 times (x 73B)
Class org.gradle.tooling.model.internal.ImmutableDomainObjectSet                      : loaded 3 times (x 157B)
Class org.jetbrains.plugins.gradle.tooling.util.IntObjectMap$1                        : loaded 3 times (x 79B)
Class org.jetbrains.kotlin.tooling.core.Extras                                        : loaded 3 times (x 72B)
Class io.opentelemetry.context.ArrayBasedContext                                      : loaded 3 times (x 102B)
Class [Lcom.android.builder.model.v2.ide.LibraryType;                                 : loaded 3 times (x 71B)
Class com.android.builder.model.v2.ide.LibraryType                                    : loaded 3 times (x 81B)
Class com.intellij.gradle.toolingExtension.impl.model.taskModel.GradleTaskSerialisationService: loaded 3 times (x 78B)
Class io.opentelemetry.api.internal.ImmutableSpanContext                              : loaded 3 times (x 93B)
Class org.gradle.tooling.internal.adapter.WeakIdentityHashMap                         : loaded 3 times (x 78B)
Class kotlin.Triple                                                                   : loaded 3 times (x 74B)
Class kotlin.sequences.SequencesKt__SequenceBuilderKt$sequence$$inlined$Sequence$1    : loaded 3 times (x 77B)
Class io.opentelemetry.api.trace.DefaultTracerProvider                                : loaded 3 times (x 81B)
Class com.android.ide.gradle.model.LegacyV1AgpVersionModel                            : loaded 3 times (x 72B)
Class kotlin.text.Regex                                                               : loaded 3 times (x 74B)
Class kotlin.sequences.FilteringSequence$iterator$1                                   : loaded 3 times (x 81B)
Class kotlin.text.StringsKt__StringBuilderJVMKt                                       : loaded 3 times (x 73B)
Class com.google.common.collect.Lists$ReverseList$1                                   : loaded 3 times (x 101B)
Class kotlin.collections.AbstractCollection                                           : loaded 3 times (x 119B)
Class kotlin.collections.AbstractList                                                 : loaded 3 times (x 199B)
Class org.gradle.tooling.model.Element                                                : loaded 3 times (x 72B)
Class org.gradle.tooling.internal.adapter.ProtocolToModelAdapter$NoOpDecoration       : loaded 3 times (x 81B)
Class org.gradle.tooling.internal.adapter.TypeInspector                               : loaded 3 times (x 75B)
Class io.opentelemetry.context.propagation.TextMapPropagator                          : loaded 3 times (x 72B)
Class org.jetbrains.plugins.gradle.model.GradleSourceSetDependencyModel               : loaded 3 times (x 72B)
Class org.jetbrains.plugins.gradle.ExternalDependencyId                               : loaded 3 times (x 72B)
Class kotlin.coroutines.jvm.internal.RestrictedSuspendLambda                          : loaded 3 times (x 93B)
Class gnu.trove.THash                                                                 : loaded 3 times (x 83B)
Class com.intellij.gradle.toolingExtension.impl.model.buildScriptClasspathModel.GradleBuildScriptClasspathSerializationService$WriteContext: loaded 3 times (x 74B)
Class org.gradle.tooling.internal.adapter.ProtocolToModelAdapter                      : loaded 3 times (x 82B)
Class kotlin.sequences.SequencesKt__SequencesJVMKt                                    : loaded 3 times (x 73B)
Class org.gradle.tooling.GradleConnectionException                                    : loaded 3 times (x 85B)
Class com.android.builder.model.v2.dsl.ProductFlavor                                  : loaded 3 times (x 72B)
Class com.android.builder.model.v2.ide.AndroidGradlePluginProjectFlags$BooleanFlag    : loaded 3 times (x 81B)
Class kotlin.collections.MapsKt__MapsJVMKt                                            : loaded 3 times (x 73B)
Class kotlin.collections.EmptyList                                                    : loaded 3 times (x 176B)
Class kotlin.io.FilePathComponents                                                    : loaded 3 times (x 74B)
Class [Lio.opentelemetry.context.ThreadLocalContextStorage$NoopScope;                 : loaded 3 times (x 71B)
Class io.opentelemetry.context.ThreadLocalContextStorage$NoopScope                    : loaded 3 times (x 87B)
Class org.gradle.internal.time.DefaultTimer                                           : loaded 3 times (x 82B)
Class [Lcom.android.builder.model.v2.ide.TestInfo$Execution;                          : loaded 3 times (x 71B)
Class org.gradle.tooling.model.BuildModel                                             : loaded 3 times (x 72B)
Class org.jetbrains.plugins.gradle.model.FileCollectionDependency                     : loaded 3 times (x 72B)
Class org.gradle.internal.time.Clock                                                  : loaded 3 times (x 72B)
Class io.opentelemetry.api.DefaultOpenTelemetry                                       : loaded 3 times (x 91B)
Class com.google.common.base.CharMatcher$And                                          : loaded 3 times (x 114B)
Class io.opentelemetry.api.trace.SpanBuilder                                          : loaded 3 times (x 72B)
Class com.intellij.gradle.toolingExtension.impl.model.utilDummyModel.DummyModel       : loaded 3 times (x 72B)
Class kotlin.collections.EmptyIterator                                                : loaded 3 times (x 91B)
Class org.gradle.tooling.internal.adapter.ProtocolToModelAdapter$ViewKey              : loaded 3 times (x 74B)
Class io.opentelemetry.context.ImplicitContextKeyed                                   : loaded 3 times (x 72B)
Class kotlin.text.StringsKt__RegexExtensionsKt                                        : loaded 3 times (x 73B)
Class com.intellij.gradle.toolingExtension.impl.model.buildScriptClasspathModel.GradleBuildScriptClasspathSerializationService: loaded 3 times (x 79B)
Class io.opentelemetry.context.ThreadLocalContextStorage$ScopeImpl                    : loaded 3 times (x 81B)
Class kotlin.jvm.internal.DefaultConstructorMarker                                    : loaded 3 times (x 73B)
Class org.gradle.internal.time.TimeSource$1                                           : loaded 3 times (x 79B)
Class io.opentelemetry.context.propagation.TextMapGetter                              : loaded 3 times (x 72B)
Class com.android.builder.model.v2.dsl.BaseConfig                                     : loaded 3 times (x 72B)
Class org.jetbrains.kotlin.tooling.core.HasExtras                                     : loaded 3 times (x 72B)
Class com.intellij.gradle.toolingExtension.impl.model.sourceSetModel.GradleSourceSetSerialisationService: loaded 3 times (x 79B)
Class com.google.common.collect.ComparisonChain                                       : loaded 3 times (x 82B)
Class com.android.builder.model.v2.ide.ProjectType                                    : loaded 3 times (x 81B)
Class kotlin.io.FileSystemException                                                   : loaded 3 times (x 84B)
Class com.android.builder.model.v2.CustomSourceDirectory                              : loaded 3 times (x 72B)
Class org.gradle.tooling.internal.adapter.ProtocolToModelAdapter$1                    : loaded 3 times (x 77B)
Class org.gradle.tooling.internal.adapter.ProtocolToModelAdapter$ViewDecoration       : loaded 3 times (x 72B)
Class com.android.ide.common.repository.AgpVersion                                    : loaded 3 times (x 77B)
Class kotlin.jvm.internal.KotlinGenericDeclaration                                    : loaded 3 times (x 72B)
Class com.android.builder.model.v2.ide.ComponentInfo                                  : loaded 3 times (x 72B)
Class kotlin.ResultKt                                                                 : loaded 3 times (x 73B)
Class org.gradle.tooling.model.ProjectIdentifier                                      : loaded 3 times (x 72B)
Class org.gradle.tooling.internal.adapter.ProtocolToModelAdapter$PropertyCachingMethodInvoker: loaded 3 times (x 78B)
Class io.opentelemetry.context.DefaultContextKey                                      : loaded 3 times (x 74B)
Class org.gradle.tooling.model.idea.IdeaCompilerOutput                                : loaded 3 times (x 72B)
Class kotlin.text.MatchResult$DefaultImpls                                            : loaded 3 times (x 73B)
Class org.gradle.internal.exceptions.ResolutionProvider                               : loaded 3 times (x 72B)
Class org.gradle.tooling.internal.adapter.ProtocolToModelAdapter$MixInMappingAction   : loaded 3 times (x 82B)
Class com.google.common.collect.ForwardingCollection                                  : loaded 3 times (x 132B)
Class com.android.builder.model.v2.models.ProjectSyncIssues                           : loaded 3 times (x 72B)
Class kotlin.collections.ArraysKt__ArraysKt                                           : loaded 3 times (x 73B)
Class org.jetbrains.plugins.gradle.model.ExternalTask                                 : loaded 3 times (x 72B)
Class kotlin.Result$Failure                                                           : loaded 3 times (x 74B)
Class io.opentelemetry.api.internal.IncubatingUtil                                    : loaded 3 times (x 73B)
Class io.opentelemetry.api.GlobalOpenTelemetry$ObfuscatedOpenTelemetry                : loaded 3 times (x 94B)
Class org.gradle.internal.time.DefaultCountdownTimer                                  : loaded 3 times (x 90B)
Class org.jetbrains.plugins.gradle.tooling.serialization.internal.adapter.Supplier    : loaded 3 times (x 72B)
Class com.intellij.openapi.externalSystem.model.ExternalSystemException               : loaded 3 times (x 87B)
Class org.jetbrains.plugins.gradle.tooling.serialization.GradleExtensionsSerializationService$ReadContext: loaded 3 times (x 74B)
Class com.android.builder.model.v2.ide.JavaCompileOptions                             : loaded 3 times (x 72B)
Class kotlin.enums.EnumEntries                                                        : loaded 3 times (x 72B)
Class org.gradle.tooling.internal.gradle.GradleBuildIdentity                          : loaded 3 times (x 72B)
Class org.jetbrains.plugins.gradle.tooling.serialization.SerializationService         : loaded 3 times (x 72B)
Class io.opentelemetry.api.trace.DefaultTracer                                        : loaded 3 times (x 76B)
Class com.android.builder.model.v2.ide.TestInfo                                       : loaded 3 times (x 72B)
Class org.gradle.tooling.model.kotlin.dsl.KotlinDslScriptsModel                       : loaded 3 times (x 72B)
Class org.gradle.internal.time.TimeSource                                             : loaded 3 times (x 72B)
Class gnu.trove.TObjectIntProcedure                                                   : loaded 3 times (x 72B)
Class org.jetbrains.plugins.gradle.tooling.serialization.internal.IdeaProjectSerializationService$WriteContext$8: loaded 3 times (x 85B)
Class kotlin.collections.SetsKt__SetsJVMKt                                            : loaded 3 times (x 73B)
Class kotlin.Function                                                                 : loaded 3 times (x 72B)
Class org.jetbrains.plugins.gradle.model.GradleTaskModel                              : loaded 3 times (x 72B)
Class org.jetbrains.plugins.gradle.tooling.util.ObjectCollector                       : loaded 3 times (x 74B)
Class org.gradle.tooling.internal.adapter.ProtocolToModelAdapter$AdaptingMethodInvoker: loaded 3 times (x 78B)
Class org.gradle.tooling.internal.gradle.DefaultBuildIdentifier                       : loaded 3 times (x 81B)
Class org.gradle.tooling.model.idea.IdeaDependencyScope                               : loaded 3 times (x 72B)
Class kotlin.ranges.IntRange                                                          : loaded 3 times (x 95B)
Class org.jetbrains.plugins.gradle.model.RepositoryModels                             : loaded 3 times (x 72B)
Class org.jetbrains.plugins.gradle.tooling.serialization.internal.IdeaProjectSerializationService$WriteContext$7: loaded 3 times (x 85B)
Class kotlin.jvm.internal.CallableReference                                           : loaded 3 times (x 112B)
Class org.gradle.tooling.internal.adapter.MethodInvoker                               : loaded 3 times (x 72B)
Class kotlin.jvm.internal.Intrinsics$Kotlin                                           : loaded 3 times (x 73B)
Class org.jetbrains.plugins.gradle.tooling.serialization.RepositoriesModelSerializationService$WriteContext: loaded 3 times (x 74B)
Class com.google.common.base.CharMatcher$IsNot                                        : loaded 3 times (x 113B)
Class org.jetbrains.plugins.gradle.tooling.util.IntObjectMap                          : loaded 3 times (x 75B)
Class org.jetbrains.plugins.gradle.tooling.serialization.internal.IdeaProjectSerializationService$WriteContext$6: loaded 3 times (x 85B)
Class kotlin.io.FileAlreadyExistsException                                            : loaded 3 times (x 84B)
Class kotlin.internal.ProgressionUtilKt                                               : loaded 3 times (x 73B)
Class com.android.builder.model.v2.ide.LibraryInfo                                    : loaded 3 times (x 72B)
Class io.opentelemetry.context.ContextStorage                                         : loaded 3 times (x 72B)
Class com.intellij.openapi.externalSystem.model.project.IExternalSystemSourceType     : loaded 3 times (x 72B)
Class com.intellij.gradle.toolingExtension.impl.model.sourceSetDependencyModel.GradleSourceSetDependencySerialisationService$SourceSetDependencyModelWriteContext: loaded 3 times (x 74B)
Class org.jetbrains.plugins.gradle.tooling.serialization.internal.IdeaProjectSerializationService$WriteContext$5: loaded 3 times (x 85B)
Class com.intellij.gradle.toolingExtension.util.GradleVersionSpecificsUtil            : loaded 3 times (x 73B)
Class com.google.common.collect.Lists$RandomAccessReverseList                         : loaded 3 times (x 202B)
Class com.google.common.collect.Lists$ReverseList                                     : loaded 3 times (x 202B)
Class kotlin.sequences.SequencesKt___SequencesKt$sortedWith$1                         : loaded 3 times (x 77B)
Class org.jetbrains.kotlin.idea.gradleTooling.AndroidAwareGradleModelProvider         : loaded 3 times (x 81B)
Class org.gradle.internal.time.MonotonicClock                                         : loaded 3 times (x 79B)
Class com.intellij.gradle.toolingExtension.impl.telemetry.GradleOpenTelemetry         : loaded 3 times (x 74B)
Class org.jetbrains.plugins.gradle.tooling.serialization.ProjectDependenciesSerializationService$ReadContext: loaded 3 times (x 74B)
Class io.opentelemetry.api.trace.TraceStateBuilder                                    : loaded 3 times (x 72B)
Class com.intellij.openapi.externalSystem.model.project.dependencies.ProjectDependencies: loaded 3 times (x 72B)
Class com.intellij.gradle.toolingExtension.impl.model.sourceSetDependencyModel.GradleSourceSetDependencySerialisationService$Companion: loaded 3 times (x 73B)
Class org.jetbrains.plugins.gradle.tooling.serialization.internal.IdeaProjectSerializationService$WriteContext$4: loaded 3 times (x 85B)
Class kotlin.jvm.internal.markers.KMutableList                                        : loaded 3 times (x 72B)
Class kotlin.text.MatchNamedGroupCollection                                           : loaded 3 times (x 72B)
Class kotlin.ranges.IntProgression                                                    : loaded 3 times (x 83B)
Class kotlin.io.FilesKt__FileReadWriteKt                                              : loaded 3 times (x 73B)
Class kotlin.text.StringsKt__StringNumberConversionsKt                                : loaded 3 times (x 73B)
Class [Lkotlin.Pair;                                                                  : loaded 3 times (x 71B)
Class org.gradle.tooling.model.GradleProject                                          : loaded 3 times (x 72B)
Class [Lio.opentelemetry.context.Scope;                                               : loaded 3 times (x 71B)
Class gnu.trove.TObjectHash$NULL                                                      : loaded 3 times (x 73B)
Class org.jetbrains.plugins.gradle.tooling.serialization.internal.IdeaProjectSerializationService$WriteContext$3: loaded 3 times (x 85B)
Class org.jetbrains.plugins.gradle.tooling.serialization.AnnotationProcessingModelSerializationService$ReadContext: loaded 3 times (x 74B)
Class kotlin.coroutines.jvm.internal.RestrictedContinuationImpl                       : loaded 3 times (x 89B)
Class org.gradle.util.internal.DefaultGradleVersion$Stage                             : loaded 3 times (x 77B)
Class com.google.gson.Strictness                                                      : loaded 3 times (x 81B)
Class org.jetbrains.plugins.gradle.tooling.serialization.internal.IdeaProjectSerializationService$WriteContext$2: loaded 3 times (x 85B)
Class com.android.ide.gradle.model.artifacts.AdditionalClassifierArtifactsModel       : loaded 3 times (x 72B)
Class kotlin.NotImplementedError                                                      : loaded 3 times (x 84B)
Class org.jetbrains.plugins.gradle.tooling.serialization.internal.IdeaProjectSerializationService$ReadContext: loaded 3 times (x 74B)
Class org.jetbrains.plugins.gradle.tooling.serialization.RepositoriesModelSerializationService: loaded 3 times (x 84B)
Class org.gradle.tooling.internal.gradle.GradleProjectIdentity                        : loaded 3 times (x 72B)
Class kotlin.text.StringsKt                                                           : loaded 3 times (x 73B)
Class [Lcom.android.builder.model.v2.ide.CodeShrinker;                                : loaded 3 times (x 71B)
Class org.jetbrains.plugins.gradle.model.ExternalProject                              : loaded 3 times (x 72B)
Class org.jetbrains.plugins.gradle.tooling.serialization.internal.IdeaProjectSerializationService$WriteContext$1: loaded 3 times (x 85B)
Class kotlin.collections.CollectionsKt__IteratorsKt                                   : loaded 3 times (x 73B)
Class kotlin.sequences.SequencesKt                                                    : loaded 3 times (x 73B)
Class com.android.ide.gradle.model.dependencies.DeclaredDependencies                  : loaded 3 times (x 72B)
Class kotlin.sequences.FlatteningSequence                                             : loaded 3 times (x 77B)
Class com.google.common.base.CharMatcher$AnyOf                                        : loaded 3 times (x 114B)
Class org.gradle.tooling.model.idea.BasicIdeaProject                                  : loaded 3 times (x 72B)
Class kotlin.ranges.ClosedRange                                                       : loaded 3 times (x 72B)
Class com.android.builder.model.v2.ide.JavaArtifact                                   : loaded 3 times (x 72B)
Class com.intellij.gradle.toolingExtension.impl.model.sourceSetArtifactIndex.GradleSourceSetArtifactBuildRequest: loaded 3 times (x 72B)
Class kotlin.collections.CollectionsKt__CollectionsJVMKt                              : loaded 3 times (x 73B)
Class org.jetbrains.plugins.gradle.tooling.serialization.RepositoriesModelSerializationService$ReadContext: loaded 3 times (x 74B)
Class kotlin.text.MatcherMatchResult                                                  : loaded 3 times (x 82B)
Class io.opentelemetry.api.internal.AutoValue_ImmutableSpanContext                    : loaded 3 times (x 94B)
Class com.google.common.collect.Lists$TransformingRandomAccessList                    : loaded 3 times (x 201B)
Class kotlin.io.FilesKt__UtilsKt                                                      : loaded 3 times (x 73B)
Class com.android.builder.model.v2.models.ModelBuilderParameter                       : loaded 3 times (x 72B)
Class com.google.common.base.CharMatcher$ForPredicate                                 : loaded 3 times (x 114B)
Class com.google.common.collect.Multimap                                              : loaded 3 times (x 72B)
Class org.jetbrains.plugins.gradle.model.ProjectImportModelProvider                   : loaded 3 times (x 72B)
Class org.jetbrains.plugins.gradle.model.ExternalSourceSet                            : loaded 3 times (x 72B)
Class com.intellij.gradle.toolingExtension.impl.model.warmUp.GradleTaskWarmUpRequest  : loaded 3 times (x 72B)
Class kotlin.coroutines.intrinsics.IntrinsicsKt__IntrinsicsKt                         : loaded 3 times (x 73B)
Class kotlin.text.StringsKt__StringsJVMKt                                             : loaded 3 times (x 73B)
Class kotlin.collections.IntIterator                                                  : loaded 3 times (x 84B)
Class com.google.common.collect.NullnessCasts                                         : loaded 3 times (x 73B)
Class kotlin.text.RegexKt                                                             : loaded 3 times (x 73B)
Class com.intellij.gradle.toolingExtension.impl.model.projectModel.GradleExternalProjectSerializationService$WriteContext: loaded 3 times (x 75B)
Class com.google.common.collect.ImmutableSortedAsList                                 : loaded 3 times (x 223B)
Class com.android.builder.model.v2.ide.Installation                                   : loaded 3 times (x 72B)
Class org.jetbrains.plugins.gradle.model.VersionCatalogsModel                         : loaded 3 times (x 72B)
Class org.gradle.tooling.internal.adapter.ObjectGraphAdapter                          : loaded 3 times (x 72B)
Class com.intellij.gradle.toolingExtension.impl.model.dependencyModel.DependencyReadContext: loaded 3 times (x 74B)
Class com.intellij.gradle.toolingExtension.impl.model.sourceSetDependencyModel.GradleSourceSetDependencySerialisationService$SourceSetDependencyModelReadContext: loaded 3 times (x 74B)
Class com.android.ide.common.repository.AgpVersion$PreviewKind$Companion              : loaded 3 times (x 73B)
Class kotlin.text.StringsKt__IndentKt                                                 : loaded 3 times (x 73B)
Class com.android.builder.model.v2.dsl.SigningConfig                                  : loaded 3 times (x 72B)
Class kotlin.text.MatchGroupCollection                                                : loaded 3 times (x 72B)
Class com.android.ide.gradle.model.LegacyAndroidGradlePluginProperties                : loaded 3 times (x 72B)
Class com.android.builder.model.v2.models.AndroidProject                              : loaded 3 times (x 72B)
Class com.android.builder.model.v2.AndroidModel                                       : loaded 3 times (x 72B)
Class org.jetbrains.plugins.gradle.model.ExternalDependency                           : loaded 3 times (x 72B)
Class kotlin.collections.SetsKt                                                       : loaded 3 times (x 73B)
Class com.intellij.util.containers.IntObjectHashMap                                   : loaded 3 times (x 74B)
Class com.android.builder.model.v2.models.ndk.NativeModule                            : loaded 3 times (x 72B)
Class io.opentelemetry.api.trace.ImmutableTraceFlags                                  : loaded 3 times (x 79B)
Class com.android.builder.model.v2.ide.ViewBindingOptions                             : loaded 3 times (x 72B)
Class kotlin.text.StringsKt__StringsKt                                                : loaded 3 times (x 73B)
Class kotlin.jvm.KotlinReflectionNotSupportedError                                    : loaded 3 times (x 84B)
Class org.jetbrains.plugins.gradle.model.IntelliJProjectSettings                      : loaded 3 times (x 72B)
Class org.gradle.tooling.internal.adapter.ProtocolToModelAdapter$MethodInvocationCache: loaded 3 times (x 75B)
Class io.opentelemetry.context.Context                                                : loaded 3 times (x 72B)
Class com.android.builder.model.v2.models.Versions                                    : loaded 3 times (x 72B)
Class com.android.builder.model.v2.ide.ArtifactDependenciesAdjacencyList              : loaded 3 times (x 72B)
Class com.android.builder.model.v2.ide.Library                                        : loaded 3 times (x 72B)
Class org.gradle.tooling.model.gradle.GradleScript                                    : loaded 3 times (x 72B)
Class kotlin.reflect.KFunction                                                        : loaded 3 times (x 72B)
Class kotlin.collections.ArrayDeque                                                   : loaded 3 times (x 209B)
Class kotlin.UninitializedPropertyAccessException                                     : loaded 3 times (x 84B)
Class org.jetbrains.plugins.gradle.tooling.serialization.KotlinDslScriptsModelSerializationService: loaded 3 times (x 83B)
Class kotlin.Metadata                                                                 : loaded 3 times (x 72B)
Class org.jetbrains.plugins.gradle.model.ExternalProjectDependency                    : loaded 3 times (x 72B)
Class com.android.ide.gradle.model.composites.BuildMap                                : loaded 3 times (x 72B)
Class kotlin.text.MatchResult$Destructured                                            : loaded 3 times (x 74B)
Class io.opentelemetry.context.propagation.TextMapSetter                              : loaded 3 times (x 72B)
Class com.android.ide.common.repository.AgpVersion$PreviewKind$WhenMappings           : loaded 3 times (x 73B)
Class org.gradle.tooling.model.Model                                                  : loaded 3 times (x 72B)
Class io.opentelemetry.context.ThreadLocalContextStorage                              : loaded 3 times (x 87B)
Class kotlin.collections.AbstractList$SubList                                         : loaded 3 times (x 200B)
Class kotlin.collections.MapsKt__MapsKt                                               : loaded 3 times (x 73B)
Class com.android.builder.model.v2.ide.Variant                                        : loaded 3 times (x 72B)
Class org.jetbrains.plugins.gradle.tooling.serialization.ExternalTestsSerializationService$WriteContext: loaded 3 times (x 74B)
Class [Lio.opentelemetry.api.trace.TraceFlags;                                        : loaded 3 times (x 71B)
Class [Lio.opentelemetry.context.ContextStorage;                                      : loaded 3 times (x 71B)
Class com.intellij.platform.diagnostic.telemetry.rt.context.TelemetryContext          : loaded 3 times (x 135B)
Class org.jetbrains.kotlin.idea.gradleTooling.KotlinGradleModel                       : loaded 3 times (x 72B)
Class org.apache.commons.io.build.AbstractOrigin$FileOrigin                           : loaded 2 times (x 91B)
Class com.google.common.io.CharStreams$NullWriter                                     : loaded 2 times (x 101B)
Class org.objectweb.asm.SymbolTable$Entry                                             : loaded 2 times (x 75B)
Class com.google.gson.internal.JsonReaderInternalAccess                               : loaded 2 times (x 74B)
Class com.amazon.ion.system.IonSystemBuilder$Mutable                                  : loaded 2 times (x 77B)
Class com.amazon.ion.impl.bin.IonManagedBinaryWriter$SymbolResolverBuilder            : loaded 2 times (x 72B)
Class org.gradle.api.internal.classpath.DefaultModuleRegistry$DefaultModuleAlias      : loaded 2 times (x 82B)
Class com.android.tools.idea.gradle.model.impl.IdeAndroidGradlePluginProjectFlagsImpl : loaded 2 times (x 89B)
Class com.android.tools.idea.gradle.model.IdeSourceProviderKt                         : loaded 2 times (x 73B)
Class org.jetbrains.plugins.gradle.tooling.serialization.internal.adapter.kotlin.dsl.InternalKotlinDslScriptModel: loaded 2 times (x 86B)
Class com.android.builder.model.v2.ide.TestSuiteVariantTarget                         : loaded 2 times (x 72B)
Class com.android.tools.idea.gradle.project.sync.ActionToRun                          : loaded 2 times (x 74B)
Class org.gradle.internal.impldep.com.google.common.base.Optional                     : loaded 2 times (x 82B)
Class org.gradle.tooling.model.eclipse.EclipseClasspathEntry                          : loaded 2 times (x 72B)
Class com.android.tools.idea.gradle.model.IdeTestOptions$Execution                    : loaded 2 times (x 81B)
Class com.android.builder.model.v2.ide.UnresolvedDependency                           : loaded 2 times (x 72B)
Class org.objectweb.asm.Edge                                                          : loaded 2 times (x 74B)
Class com.google.common.base.Suppliers$SupplierOfInstance                             : loaded 2 times (x 81B)
Class com.google.gson.internal.bind.ReflectiveTypeAdapterFactory                      : loaded 2 times (x 77B)
Class com.google.gson.internal.sql.SqlTimestampTypeAdapter                            : loaded 2 times (x 78B)
Class com.amazon.ion.impl.bin.IonManagedBinaryWriter$LocalSymbolTableView             : loaded 2 times (x 121B)
Class com.amazon.ion.impl.bin.IonRawBinaryWriter$ThrowingRunnable                     : loaded 2 times (x 72B)
Class com.android.tools.idea.gradle.model.impl.IdeTestOptionsImpl                     : loaded 2 times (x 79B)
Class com.google.common.base.JdkPattern                                               : loaded 2 times (x 77B)
Class com.google.common.collect.AbstractMapBasedMultimap$WrappedSortedSet             : loaded 2 times (x 230B)
Class com.google.common.io.Files$FileByteSource                                       : loaded 2 times (x 87B)
Class com.android.tools.idea.gradle.project.sync.AndroidExtraModelProviderWorker      : loaded 2 times (x 74B)
Class com.android.tools.idea.gradle.project.sync.SwitchVariantRequest                 : loaded 2 times (x 74B)
Class org.gradle.tooling.internal.consumer.connection.StreamingAwareBuildControllerAdapter: loaded 2 times (x 114B)
Class com.android.tools.idea.projectsystem.gradle.sync.PerformanceMeasurementUtilKt   : loaded 2 times (x 73B)
Class com.intellij.gradle.toolingExtension.modelAction.GradleModelFetchPhase          : loaded 2 times (x 72B)
Class com.google.common.cache.LocalCache$ComputingValueReference                      : loaded 2 times (x 98B)
Class com.google.gson.internal.sql.SqlDateTypeAdapter$1                               : loaded 2 times (x 77B)
Class com.google.common.collect.ImmutableMap$IteratorBasedImmutableMap                : loaded 2 times (x 128B)
Class com.amazon.ion.UnknownSymbolException                                           : loaded 2 times (x 87B)
Class com.android.tools.idea.gradle.project.sync.AgpVersionTooNew                     : loaded 2 times (x 84B)
Class org.gradle.internal.classpath.ClassPath                                         : loaded 2 times (x 72B)
Class com.android.tools.idea.gradle.model.IdeJavaArtifactCore                         : loaded 2 times (x 72B)
Class com.android.tools.idea.gradle.project.sync.DefaultVariantsKt                    : loaded 2 times (x 73B)
Class [Lcom.google.common.collect.SortedLists$KeyAbsentBehavior;                      : loaded 2 times (x 71B)
Class [Lcom.amazon.ion.SymbolToken;                                                   : loaded 2 times (x 71B)
Class [Lcom.android.tools.idea.gradle.project.sync.MeasurementCheckpoint;             : loaded 2 times (x 71B)
Class io.opentelemetry.context.ContextExecutorService                                 : loaded 2 times (x 106B)
Class Settings_gradle$1                                                               : loaded 2 times (x 76B)
Class com.google.gson.internal.bind.JsonTreeWriter                                    : loaded 2 times (x 100B)
Class com.google.gson.internal.bind.ArrayTypeAdapter$1                                : loaded 2 times (x 77B)
Class [Lcom.android.tools.idea.gradle.project.sync.SyncTestMode;                      : loaded 2 times (x 71B)
Class com.intellij.gradle.toolingExtension.impl.modelSerialization.ToolingSerializerConverter: loaded 2 times (x 75B)
Class com.google.common.cache.LocalCache$Segment                                      : loaded 2 times (x 155B)
Class com.android.tools.idea.gradle.model.impl.IdeMultiVariantDataImpl                : loaded 2 times (x 79B)
Class com.android.tools.idea.gradle.project.sync.AndroidProjectResult$Companion$RuntimeClasspathBehaviour: loaded 2 times (x 73B)
Class com.google.common.cache.CacheBuilder                                            : loaded 2 times (x 74B)
Class com.google.common.io.ByteSink                                                   : loaded 2 times (x 78B)
Class org.gradle.tooling.internal.consumer.versioning.ModelMapping$DefaultModelIdentifier: loaded 2 times (x 78B)
Class com.intellij.openapi.util.io.FileUtilRt$RepeatableIOOperation                   : loaded 2 times (x 72B)
Class com.android.tools.idea.gradle.project.sync.BasicIncompleteGradleModule          : loaded 2 times (x 75B)
Class com.google.common.collect.AbstractListMultimap                                  : loaded 2 times (x 173B)
Class [Lorg.objectweb.asm.SymbolTable$Entry;                                          : loaded 2 times (x 71B)
Class com.google.common.cache.CacheLoader                                             : loaded 2 times (x 76B)
Class com.google.gson.internal.bind.ReflectiveTypeAdapterFactory$Adapter              : loaded 2 times (x 79B)
Class com.google.gson.internal.bind.TypeAdapters$10                                   : loaded 2 times (x 77B)
Class com.google.common.collect.ImmutableBiMap                                        : loaded 2 times (x 145B)
Class org.gradle.api.internal.classpath.ModuleRegistry                                : loaded 2 times (x 72B)
Class org.gradle.internal.installation.GradleInstallation$1                           : loaded 2 times (x 77B)
Class com.android.tools.idea.gradle.model.IdeProductFlavor                            : loaded 2 times (x 72B)
Class com.android.builder.model.v2.models.HostJarTestSuiteSource                      : loaded 2 times (x 72B)
Class [Lcom.android.tools.idea.gradle.model.impl.IdeModuleWellKnownSourceSet;         : loaded 2 times (x 71B)
Class com.android.tools.idea.gradle.project.sync.AndroidExtraModelProviderKt          : loaded 2 times (x 73B)
Class com.amazon.ion.impl.bin._Private_IonManagedBinaryWriterBuilder                  : loaded 2 times (x 74B)
Class com.amazon.ion.impl._Private_IonWriter                                          : loaded 2 times (x 72B)
Class org.gradle.tooling.internal.adapter.ProtocolToModelAdapter$MixInBeanMappingAction: loaded 2 times (x 83B)
Class com.amazon.ion.impl.bin.IonManagedBinaryWriter$UserState                        : loaded 2 times (x 87B)
Class com.google.common.base.ExtraObjectsMethodsForWeb                                : loaded 2 times (x 73B)
Class org.apache.commons.io.output.NullWriter                                         : loaded 2 times (x 101B)
Class org.apache.commons.io.build.AbstractOrigin$PathOrigin                           : loaded 2 times (x 91B)
Class com.google.common.collect.ImmutableSet$JdkBackedSetBuilderImpl                  : loaded 2 times (x 78B)
Class com.google.common.util.concurrent.internal.InternalFutureFailureAccess          : loaded 2 times (x 74B)
Class com.google.gson.internal.bind.TypeAdapters$11                                   : loaded 2 times (x 77B)
Class [Lcom.google.gson.FieldNamingPolicy;                                            : loaded 2 times (x 71B)
Class com.amazon.ion.impl.bin.IonManagedBinaryWriter$SymbolState$1                    : loaded 2 times (x 82B)
Class com.amazon.ion.impl.LocalSymbolTableAsStruct$Factory                            : loaded 2 times (x 81B)
Class [Lcom.amazon.ion.IonType;                                                       : loaded 2 times (x 71B)
Class com.android.tools.idea.gradle.project.sync.FetchedVariantResult                 : loaded 2 times (x 73B)
Class org.apache.commons.io.IOUtils                                                   : loaded 2 times (x 73B)
Class com.android.tools.idea.gradle.project.sync.LibraryIdentity$LibraryIdentityProvider$Companion: loaded 2 times (x 73B)
Class org.gradle.tooling.model.cpp.CppComponent                                       : loaded 2 times (x 72B)
Class org.gradle.tooling.model.Launchable                                             : loaded 2 times (x 72B)
Class com.android.tools.idea.gradle.model.impl.IdeBasicVariantImpl                    : loaded 2 times (x 81B)
Class org.gradle.api.internal.ClassPathRegistry                                       : loaded 2 times (x 72B)
Class org.gradle.internal.classpath.DefaultClassPath$ImmutableUniqueList              : loaded 2 times (x 201B)
Class [Lcom.amazon.ion.impl.bin.AbstractIonWriter$WriteValueOptimization;             : loaded 2 times (x 71B)
Class com.google.common.collect.ImmutableMultimap$Values                              : loaded 2 times (x 128B)
Class org.apache.commons.io.input.ProxyInputStream                                    : loaded 2 times (x 98B)
Class com.google.common.cache.LocalCache$LocalManualCache$1                           : loaded 2 times (x 77B)
Class com.google.common.primitives.IntsMethodsForWeb                                  : loaded 2 times (x 73B)
Class com.google.gson.internal.bind.TypeAdapters$12                                   : loaded 2 times (x 77B)
Class [Lcom.google.gson.ToNumberStrategy;                                             : loaded 2 times (x 71B)
Class com.amazon.ion.impl.bin.IonManagedBinaryWriter$SymbolState$2                    : loaded 2 times (x 82B)
Class com.amazon.ion.IonNull                                                          : loaded 2 times (x 72B)
Class org.apache.commons.io.file.DeleteOption                                         : loaded 2 times (x 72B)
Class com.android.tools.idea.gradle.model.impl.ThrowingIdeDependencies                : loaded 2 times (x 80B)
Class com.android.tools.idea.gradle.model.impl.IdeBuildTypeContainerImpl              : loaded 2 times (x 81B)
Class com.google.common.collect.ImmutableMultimap$Keys                                : loaded 2 times (x 168B)
Class org.gradle.tooling.internal.consumer.connection.UnparameterizedBuildController  : loaded 2 times (x 114B)
Class com.google.common.collect.SortedLists$KeyPresentBehavior                        : loaded 2 times (x 82B)
Class com.intellij.gradle.toolingExtension.impl.modelSerialization.SerializationServiceNotFoundException: loaded 2 times (x 84B)
Class com.android.tools.idea.projectsystem.gradle.sync.Counter                        : loaded 2 times (x 74B)
Class com.android.builder.model.ProjectSyncIssues                                     : loaded 2 times (x 72B)
Class org.gradle.tooling.internal.consumer.converters.BasicGradleProjectIdentifierMixin: loaded 2 times (x 75B)
Class com.android.tools.idea.gradle.project.sync.ArtifactDependenciesCompat$AdjacencyList: loaded 2 times (x 74B)
Class org.gradle.tooling.internal.consumer.versioning.ModelMapping                    : loaded 2 times (x 75B)
Class com.android.tools.idea.gradle.project.sync.ModelCacheV2ImplKt$modelCacheV2Impl$createFromDependencies$1$LibrariesByType: loaded 2 times (x 74B)
Class com.google.gson.internal.bind.TypeAdapters$13                                   : loaded 2 times (x 77B)
Class com.amazon.ion.impl.bin.IonRawBinaryWriter$ContainerInfo                        : loaded 2 times (x 76B)
Class com.amazon.ion.impl.bin.IonManagedBinaryWriter$SymbolState$3                    : loaded 2 times (x 82B)
Class com.amazon.ion.impl.bin.IonRawBinaryWriter$StreamFlushMode                      : loaded 2 times (x 81B)
Class com.amazon.ion.IonBinaryWriter                                                  : loaded 2 times (x 72B)
Class org.gradle.api.internal.classpath.DefaultModuleRegistry                         : loaded 2 times (x 86B)
Class com.android.tools.idea.gradle.model.IdeExtraSourceProvider                      : loaded 2 times (x 72B)
Class com.android.tools.idea.gradle.project.sync.AndroidProjectResult                 : loaded 2 times (x 78B)
Class org.gradle.api.internal.DefaultClassPathRegistry                                : loaded 2 times (x 78B)
Class com.amazon.ion.impl.bin.Symbols                                                 : loaded 2 times (x 73B)
Class com.android.tools.idea.gradle.project.sync.BuildId                              : loaded 2 times (x 74B)
Class com.amazon.ion.IonBufferConfiguration                                           : loaded 2 times (x 74B)
Class com.google.gson.ToNumberPolicy                                                  : loaded 2 times (x 85B)
Class [Lcom.google.gson.ToNumberPolicy;                                               : loaded 2 times (x 71B)
Class com.google.common.cache.RemovalListener                                         : loaded 2 times (x 72B)
Class com.google.common.util.concurrent.ListenableFuture                              : loaded 2 times (x 72B)
Class com.google.common.cache.ReferenceEntry                                          : loaded 2 times (x 72B)
Class com.google.gson.internal.bind.NumberTypeAdapter$1                               : loaded 2 times (x 78B)
Class com.google.gson.internal.bind.TypeAdapters$1                                    : loaded 2 times (x 77B)
Class com.google.gson.internal.bind.TypeAdapters$14                                   : loaded 2 times (x 77B)
Class com.google.common.base.Converter                                                : loaded 2 times (x 92B)
Class com.amazon.ion.impl.bin.IonManagedBinaryWriter$SymbolState$4                    : loaded 2 times (x 82B)
Class [Lcom.amazon.ion.util.InputStreamInterceptor;                                   : loaded 2 times (x 71B)
Class com.android.tools.idea.gradle.model.IdeUnresolvedAndroidLibrary                 : loaded 2 times (x 72B)
Class com.android.tools.idea.gradle.project.sync.ModelResult                          : loaded 2 times (x 74B)
Class com.google.common.collect.AbstractMapBasedMultimap$WrappedCollection$WrappedIterator: loaded 2 times (x 86B)
Class org.apache.commons.io.build.AbstractStreamBuilder                               : loaded 2 times (x 116B)
Class com.google.common.collect.SortedLists$KeyAbsentBehavior                         : loaded 2 times (x 82B)
Class com.android.tools.idea.gradle.project.sync.SyncActionRunnerKt                   : loaded 2 times (x 73B)
Class com.android.builder.model.Variant                                               : loaded 2 times (x 72B)
Class com.android.tools.idea.gradle.project.sync.ModelFetchersKt                      : loaded 2 times (x 73B)
Class com.android.tools.idea.gradle.project.sync.ModelCacheKt                         : loaded 2 times (x 73B)
Class org.gradle.tooling.internal.consumer.converters.BackwardsCompatibleIdeaModuleDependency: loaded 2 times (x 72B)
Class com.google.common.collect.AbstractMapBasedMultimap                              : loaded 2 times (x 140B)
Class com.google.common.util.concurrent.AbstractFuture                                : loaded 2 times (x 108B)
Class com.google.common.base.FunctionalEquivalence                                    : loaded 2 times (x 85B)
Class com.google.common.collect.ImmutableMap$Builder                                  : loaded 2 times (x 84B)
Class com.google.gson.internal.sql.SqlTypesSupport$1                                  : loaded 2 times (x 76B)
Class com.google.gson.internal.bind.TypeAdapters$2                                    : loaded 2 times (x 77B)
Class com.google.gson.internal.bind.TypeAdapters$15                                   : loaded 2 times (x 77B)
Class com.amazon.ion.impl.bin.utf8.Pool                                               : loaded 2 times (x 76B)
Class com.google.common.util.concurrent.AbstractFuture$Cancellation                   : loaded 2 times (x 74B)
Class com.android.tools.idea.gradle.project.sync.AndroidSyncException                 : loaded 2 times (x 84B)
Class com.google.common.io.AppendableWriter                                           : loaded 2 times (x 101B)
Class org.apache.commons.io.build.AbstractOriginSupplier                              : loaded 2 times (x 96B)
Class org.apache.commons.io.build.AbstractOrigin                                      : loaded 2 times (x 91B)
Class org.gradle.tooling.internal.adapter.ProtocolToModelAdapter$BeanMixInMethodInvoker: loaded 2 times (x 78B)
Class com.intellij.gradle.toolingExtension.impl.modelAction.GradleModelId             : loaded 2 times (x 74B)
Class com.android.builder.model.v2.ide.JUnitEngineInfo                                : loaded 2 times (x 72B)
Class com.google.common.collect.ImmutableMultiset                                     : loaded 2 times (x 165B)
Class com.google.common.io.CharStreams                                                : loaded 2 times (x 73B)
Class org.objectweb.asm.RecordComponentVisitor                                        : loaded 2 times (x 79B)
Class com.google.common.cache.CacheLoader$SupplierToCacheLoader                       : loaded 2 times (x 77B)
Class com.google.gson.internal.sql.SqlTypesSupport$2                                  : loaded 2 times (x 76B)
Class com.google.gson.internal.bind.TypeAdapters$16                                   : loaded 2 times (x 77B)
Class com.google.gson.internal.bind.TypeAdapters$3                                    : loaded 2 times (x 77B)
Class com.amazon.ion.IonContainer                                                     : loaded 2 times (x 72B)
Class com.amazon.ion.impl._Private_IonSymbol                                          : loaded 2 times (x 72B)
Class com.amazon.ion.impl.lite.IonValueLite                                           : loaded 2 times (x 150B)
Class com.amazon.ion.impl.bin.PooledBlockAllocatorProvider                            : loaded 2 times (x 75B)
Class com.android.tools.idea.gradle.project.sync.AndroidModule$V2                     : loaded 2 times (x 90B)
Class com.google.gson.stream.JsonReader$1                                             : loaded 2 times (x 74B)
Class com.google.common.cache.Cache                                                   : loaded 2 times (x 72B)
Class com.android.tools.idea.gradle.project.sync.ModelCacheV2ImplKt$modelCacheV2Impl$1: loaded 2 times (x 82B)
Class [Lcom.android.tools.idea.gradle.project.upgrade.AndroidGradlePluginCompatibility;: loaded 2 times (x 71B)
Class com.google.common.cache.LocalCache$Strength                                     : loaded 2 times (x 83B)
Class com.google.common.base.Stopwatch                                                : loaded 2 times (x 74B)
Class com.android.tools.idea.gradle.model.impl.IdeCompositeBuildMapImpl               : loaded 2 times (x 78B)
Class com.google.common.collect.AbstractMapBasedMultimap$WrappedNavigableSet          : loaded 2 times (x 282B)
Class org.apache.commons.compress.archivers.ArchiveEntry                              : loaded 2 times (x 72B)
Class org.apache.commons.io.Charsets                                                  : loaded 2 times (x 73B)
Class org.gradle.tooling.internal.adapter.ProtocolToModelAdapter$MixInTypeMappingAction: loaded 2 times (x 83B)
Class org.jetbrains.plugins.gradle.model.GradleLightBuild                             : loaded 2 times (x 72B)
Class org.jetbrains.plugins.gradle.model.DefaultGradleLightProject                    : loaded 2 times (x 86B)
Class com.android.tools.idea.gradle.project.sync.AndroidModule$V1                     : loaded 2 times (x 90B)
Class com.google.gson.internal.bind.TypeAdapters$17                                   : loaded 2 times (x 77B)
Class com.google.gson.internal.bind.TypeAdapters$4                                    : loaded 2 times (x 77B)
Class org.gradle.internal.service.ServiceLookupException                              : loaded 2 times (x 84B)
Class com.android.builder.model.v2.models.TestSuiteSourceDependenciesAdjacencyList    : loaded 2 times (x 72B)
Class org.gradle.api.internal.classpath.UnknownModuleException                        : loaded 2 times (x 84B)
Class com.android.tools.idea.gradle.model.impl.IdeProjectPathImpl                     : loaded 2 times (x 79B)
Class com.amazon.ion.impl._Private_IonReaderBuilder$Mutable                           : loaded 2 times (x 99B)
Class com.android.tools.idea.gradle.project.sync.GradleModule                         : loaded 2 times (x 80B)
Class [Lcom.amazon.ion.util.GzipStreamInterceptor;                                    : loaded 2 times (x 71B)
Class com.android.tools.idea.gradle.project.sync.BasicNonAndroidIncompleteGradleModule: loaded 2 times (x 75B)
Class com.google.common.cache.Weigher                                                 : loaded 2 times (x 72B)
Class com.android.tools.idea.gradle.project.sync.AndroidExtraModelProvider            : loaded 2 times (x 81B)
Class org.gradle.tooling.internal.consumer.versioning.VersionDetails$R48VersionDetails: loaded 2 times (x 82B)
Class com.android.tools.idea.gradle.project.sync.BuildModelsAndMap                    : loaded 2 times (x 74B)
Class com.intellij.gradle.toolingExtension.impl.model.projectModel.GradleExternalProjectModelProvider: loaded 2 times (x 81B)
Class [Lorg.jetbrains.kotlin.tooling.core.KotlinToolingVersion$Maturity;              : loaded 2 times (x 71B)
Class org.apache.commons.io.build.AbstractSupplier                                    : loaded 2 times (x 80B)
Class com.google.gson.annotations.JsonAdapter                                         : loaded 2 times (x 72B)
Class [Lcom.google.common.cache.LocalCache$EntryFactory;                              : loaded 2 times (x 71B)
Class com.google.gson.internal.bind.SerializationDelegatingTypeAdapter                : loaded 2 times (x 76B)
Class com.google.gson.internal.bind.TypeAdapters$18                                   : loaded 2 times (x 77B)
Class com.google.gson.internal.bind.TypeAdapters$5                                    : loaded 2 times (x 77B)
Class com.amazon.ion.BufferConfiguration$Builder                                      : loaded 2 times (x 80B)
Class org.gradle.internal.classloader.ClassLoaderFactory                              : loaded 2 times (x 72B)
Class com.android.tools.idea.gradle.model.ClasspathType                               : loaded 2 times (x 81B)
Class com.android.builder.model.v2.models.BasicTestSuite                              : loaded 2 times (x 72B)
Class com.android.tools.idea.gradle.project.sync.AndroidVariantResolver               : loaded 2 times (x 72B)
Class com.android.tools.idea.gradle.model.impl.IdeDependenciesInfoImpl                : loaded 2 times (x 77B)
Class [Lcom.android.tools.idea.gradle.model.IdeAaptOptions$Namespacing;               : loaded 2 times (x 71B)
Class org.gradle.api.internal.classpath.Module                                        : loaded 2 times (x 72B)
Class org.gradle.tooling.internal.consumer.converters.EclipseProjectHasAutoBuildMixin : loaded 2 times (x 74B)
Class org.gradle.tooling.UnknownModelException                                        : loaded 2 times (x 85B)
Class org.apache.commons.io.CloseableURLConnection                                    : loaded 2 times (x 118B)
Class com.google.common.collect.AbstractSortedKeySortedSetMultimap                    : loaded 2 times (x 220B)
Class com.google.common.base.CommonPattern                                            : loaded 2 times (x 76B)
Class com.google.common.cache.LocalCache$LocalManualCache                             : loaded 2 times (x 101B)
Class com.amazon.ion.impl.bin._Private_IonManagedBinaryWriterBuilder$AllocatorMode    : loaded 2 times (x 82B)
Class com.google.gson.internal.bind.ReflectiveTypeAdapterFactory$FieldReflectionAdapter: loaded 2 times (x 79B)
Class com.google.gson.internal.bind.TypeAdapters$19                                   : loaded 2 times (x 77B)
Class com.google.gson.internal.bind.TypeAdapters$6                                    : loaded 2 times (x 77B)
Class com.amazon.ion.impl.bin.IntList                                                 : loaded 2 times (x 79B)
Class com.amazon.ion.impl._Private_SymbolToken                                        : loaded 2 times (x 72B)
Class com.amazon.ion.IonType                                                          : loaded 2 times (x 81B)
Class org.gradle.internal.service.CachingServiceLocator                               : loaded 2 times (x 84B)
Class com.android.tools.idea.gradle.project.sync.DependencyGraphCompat$AdjacencyList  : loaded 2 times (x 74B)
Class com.android.tools.idea.gradle.model.IdeProjectPath                              : loaded 2 times (x 72B)
Class com.amazon.ion.impl.bin.IonManagedBinaryWriter$SymbolResolver                   : loaded 2 times (x 72B)
Class com.google.common.collect.ImmutableMapEntrySet                                  : loaded 2 times (x 154B)
Class com.android.tools.idea.gradle.project.sync.ArtifactDependenciesCompat           : loaded 2 times (x 74B)
Class com.google.gson.internal.ObjectConstructor                                      : loaded 2 times (x 72B)
Class org.gradle.tooling.model.idea.IdeaModule                                        : loaded 2 times (x 72B)
Class org.apache.commons.compress.archivers.EntryStreamOffsets                        : loaded 2 times (x 72B)
Class org.apache.commons.io.build.AbstractOrigin$CharSequenceOrigin                   : loaded 2 times (x 91B)
Class org.jetbrains.kotlin.tooling.core.KotlinToolingVersionKt                        : loaded 2 times (x 73B)
Class com.google.gson.annotations.SerializedName                                      : loaded 2 times (x 72B)
Class com.google.common.collect.AbstractMapBasedMultimap$KeySet                       : loaded 2 times (x 139B)
Class com.google.common.math.IntMath                                                  : loaded 2 times (x 73B)
Class com.google.gson.internal.bind.TypeAdapters$7                                    : loaded 2 times (x 77B)
Class com.amazon.ion.impl.lite.ValueFactoryLite                                       : loaded 2 times (x 220B)
Class org.apache.commons.io.build.AbstractOrigin$WriterOrigin                         : loaded 2 times (x 91B)
Class org.apache.commons.io.output.NullOutputStream                                   : loaded 2 times (x 87B)
Class org.gradle.tooling.model.java.InstalledJdk                                      : loaded 2 times (x 72B)
Class com.amazon.ion.ValueFactory                                                     : loaded 2 times (x 72B)
Class [Lcom.amazon.ion.impl.bin.IonManagedBinaryWriter$ImportedSymbolResolverMode;    : loaded 2 times (x 71B)
Class com.amazon.ion.impl.IonWriterSystemText                                         : loaded 2 times (x 191B)
Class com.google.gson.internal.bind.CollectionTypeAdapterFactory$Adapter              : loaded 2 times (x 76B)
Class com.google.gson.internal.bind.TypeAdapters$8                                    : loaded 2 times (x 77B)
Class com.google.common.collect.ImmutableMapEntry                                     : loaded 2 times (x 87B)
Class com.amazon.ion.impl.bin.WriteBuffer                                             : loaded 2 times (x 80B)
Class com.amazon.ion.impl.bin.IonManagedBinaryWriter                                  : loaded 2 times (x 167B)
Class [Lorg.gradle.api.JavaVersion;                                                   : loaded 2 times (x 71B)
Class com.android.tools.idea.gradle.model.IdeAndroidLibraryImpl                       : loaded 2 times (x 108B)
Class com.android.tools.idea.gradle.project.sync.ModelCacheV2ImplKt$WhenMappings      : loaded 2 times (x 73B)
Class com.amazon.ion.impl.lite.IonContext                                             : loaded 2 times (x 72B)
Class com.amazon.ion.impl.lite.IonLoaderLite                                          : loaded 2 times (x 84B)
Class org.gradle.tooling.model.idea.IdeaSourceDirectory                               : loaded 2 times (x 72B)
Class com.amazon.ion.impl.bin.utf8.Utf8StringEncoderPool$1                            : loaded 2 times (x 78B)
Class com.google.common.collect.ArrayListMultimapGwtSerializationDependencies         : loaded 2 times (x 173B)
Class com.google.common.collect.Multiset                                              : loaded 2 times (x 72B)
Class com.google.common.collect.ImmutableMultimap                                     : loaded 2 times (x 148B)
Class com.google.common.base.Predicates                                               : loaded 2 times (x 73B)
Class com.google.common.base.Equivalence                                              : loaded 2 times (x 84B)
Class com.google.gson.internal.bind.TypeAdapters$9                                    : loaded 2 times (x 77B)
Class com.google.common.collect.ImmutableMapEntry$NonTerminalImmutableMapEntry        : loaded 2 times (x 87B)
Class com.amazon.ion.impl.lite.IonBlobLite                                            : loaded 2 times (x 222B)
Class com.amazon.ion.impl.LocalSymbolTable                                            : loaded 2 times (x 129B)
Class com.android.tools.idea.gradle.project.sync.SyncVariantResultSuccess             : loaded 2 times (x 74B)
Class com.android.tools.idea.gradle.project.sync.FetchedVariant                       : loaded 2 times (x 74B)
Class com.android.tools.idea.gradle.model.impl.IdeSigningConfigImpl                   : loaded 2 times (x 80B)
Class com.google.common.math.MathPreconditions                                        : loaded 2 times (x 73B)
Class com.android.builder.model.v2.models.SourceType                                  : loaded 2 times (x 81B)
Class com.android.tools.idea.gradle.project.sync.SyncProjectActionWorker              : loaded 2 times (x 74B)
Class com.google.common.collect.ObjectArrays                                          : loaded 2 times (x 73B)
Class org.jetbrains.plugins.gradle.model.ExternalFilter                               : loaded 2 times (x 72B)
Class org.jetbrains.kotlin.idea.projectModel.KotlinTarget                             : loaded 2 times (x 72B)
Class com.android.tools.idea.gradle.model.ResolverType                                : loaded 2 times (x 81B)
Class com.amazon.ion.impl.bin.Block                                                   : loaded 2 times (x 81B)
Class com.android.tools.idea.gradle.project.sync.SingleVariantSyncActionOptions       : loaded 2 times (x 75B)
Class org.apache.commons.io.output.AbstractByteArrayOutputStream                      : loaded 2 times (x 104B)
Class com.google.common.collect.IndexedImmutableSet$1                                 : loaded 2 times (x 215B)
Class com.google.common.cache.CacheBuilder$OneWeigher                                 : loaded 2 times (x 84B)
Class com.google.gson.JsonParseException                                              : loaded 2 times (x 84B)
Class com.amazon.ion.IonList                                                          : loaded 2 times (x 72B)
Class com.android.builder.model.v2.models.BaseTestSuiteSourceIdentity                 : loaded 2 times (x 72B)
Class com.android.tools.idea.gradle.project.sync.AndroidModule                        : loaded 2 times (x 90B)
Class com.google.common.primitives.Ints                                               : loaded 2 times (x 73B)
Class org.gradle.tooling.internal.consumer.connection.InternalPhasedActionAdapter     : loaded 2 times (x 80B)
Class com.android.tools.idea.projectsystem.gradle.sync.Counter$time$1                 : loaded 2 times (x 80B)
Class org.jetbrains.plugins.gradle.model.MavenRepositoryModel                         : loaded 2 times (x 72B)
Class com.intellij.gradle.toolingExtension.impl.util.GradleTreeTraverserUtil          : loaded 2 times (x 73B)
Class org.jetbrains.kotlin.gradle.idea.tcs.IdeaKotlinDependency                       : loaded 2 times (x 72B)
Class com.google.common.collect.TreeMultimap                                          : loaded 2 times (x 230B)
Class com.amazon.ion.IonSystem                                                        : loaded 2 times (x 72B)
Class com.amazon.ion.impl.bin.IonManagedBinaryWriter$ImportedSymbolContext            : loaded 2 times (x 74B)
Class org.gradle.internal.classloader.ClasspathUtil                                   : loaded 2 times (x 73B)
Class com.android.tools.idea.gradle.model.impl.FileImplKt                             : loaded 2 times (x 73B)
Class com.android.tools.idea.gradle.model.IdeAndroidGradlePluginProjectFlags          : loaded 2 times (x 72B)
Class com.android.tools.idea.gradle.model.IdeCustomSourceDirectory                    : loaded 2 times (x 72B)
Class org.gradle.api.internal.classpath.DefaultModuleRegistry$DefaultModule           : loaded 2 times (x 84B)
Class com.android.tools.idea.gradle.project.sync.AgpCompatibilityKt$WhenMappings      : loaded 2 times (x 73B)
Class com.amazon.ion.impl.lite.IonStringLite                                          : loaded 2 times (x 215B)
Class com.android.tools.idea.projectsystem.gradle.sync.Counter$time$2                 : loaded 2 times (x 80B)
Class com.amazon.ion.impl.bin.PooledBlockAllocatorProvider$PooledBlockAllocator$1     : loaded 2 times (x 81B)
Class org.gradle.tooling.internal.consumer.converters.GradleProjectIdentifierMixin    : loaded 2 times (x 75B)
Class com.intellij.util.ReflectionUtilRt                                              : loaded 2 times (x 73B)
Class com.google.common.base.Objects                                                  : loaded 2 times (x 73B)
Class org.jetbrains.kotlin.idea.gradleTooling.KotlinMPPGradleModel$Companion          : loaded 2 times (x 73B)
Class com.google.common.util.concurrent.Uninterruptibles                              : loaded 2 times (x 73B)
Class com.android.tools.idea.gradle.project.sync.ModelFetchersKt$findVariantDependenciesV2Model$findModel$1: loaded 2 times (x 77B)
Class com.android.tools.idea.gradle.project.sync.FetchedVariantResult$InProgress      : loaded 2 times (x 73B)
Class com.google.common.collect.BiMap                                                 : loaded 2 times (x 72B)
Class [Lorg.gradle.tooling.internal.adapter.MethodInvoker;                            : loaded 2 times (x 71B)
Class com.google.common.collect.ImmutableMap$1                                        : loaded 2 times (x 83B)
Class com.google.common.collect.IndexedImmutableSet                                   : loaded 2 times (x 154B)
Class com.google.gson.TypeAdapter                                                     : loaded 2 times (x 75B)
Class com.android.tools.idea.gradle.project.sync.SyncActionOptions                    : loaded 2 times (x 74B)
Class com.google.common.util.concurrent.LazyLogger                                    : loaded 2 times (x 74B)
Class com.google.common.collect.Maps                                                  : loaded 2 times (x 73B)
Class com.amazon.ion.impl.lite.IonIntLite                                             : loaded 2 times (x 191B)
Class com.amazon.ion.impl._Private_IonReaderBuilder$TwoElementInputStream             : loaded 2 times (x 94B)
Class com.amazon.ion.util._Private_FastAppendable                                     : loaded 2 times (x 72B)
Class [Lcom.amazon.ion.impl.bin.IonRawBinaryWriter$PreallocationMode;                 : loaded 2 times (x 71B)
Class org.gradle.api.specs.Spec                                                       : loaded 2 times (x 72B)
Class com.google.gson.ToNumberStrategy                                                : loaded 2 times (x 72B)
Class com.google.common.collect.AbstractSortedSetMultimap                             : loaded 2 times (x 215B)
Class com.google.gson.internal.sql.SqlDateTypeAdapter                                 : loaded 2 times (x 76B)
Class [Lcom.google.common.collect.ImmutableEntry;                                     : loaded 2 times (x 71B)
Class com.amazon.ion.impl.lite.IonSexpLite                                            : loaded 2 times (x 492B)
Class com.amazon.ion.impl.lite.IonListLite                                            : loaded 2 times (x 492B)
Class com.amazon.ion.IonFloat                                                         : loaded 2 times (x 72B)
Class sync_studio_tooling2_156dtg050h469twzxu4uiqtgi                                  : loaded 2 times (x 173B)
Class com.android.tools.idea.gradle.model.IdeUnresolvedLibrary                        : loaded 2 times (x 72B)
Class com.android.tools.idea.gradle.project.sync.ModelCacheV2ImplKt$modelCacheV2Impl$variantCoreFrom$6: loaded 2 times (x 131B)
Class com.android.tools.idea.gradle.model.impl.BuildFolderPaths                       : loaded 2 times (x 74B)
Class org.objectweb.asm.FieldVisitor                                                  : loaded 2 times (x 79B)
Class com.intellij.gradle.toolingExtension.impl.modelAction.GradleModelHolderState    : loaded 2 times (x 79B)
Class com.google.common.cache.LocalCache$LoadingValueReference                        : loaded 2 times (x 98B)
Class com.amazon.ion.impl.LocalSymbolTable$Factory                                    : loaded 2 times (x 79B)
Class com.amazon.ion.impl.bin.IonManagedBinaryWriter$ImportedSymbolResolverMode       : loaded 2 times (x 82B)
Class ijInit1_6owubyqclomqbo3lc58vbhdij$_run_closure1                                 : loaded 2 times (x 141B)
Class org.apache.commons.compress.archivers.zip.ZipEncodingHelper                     : loaded 2 times (x 73B)
Class com.android.tools.idea.gradle.project.sync.ModuleId                             : loaded 2 times (x 74B)
Class com.intellij.gradle.toolingExtension.impl.modelSerialization.DefaultSerializationService: loaded 2 times (x 78B)
Class com.android.tools.idea.gradle.model.IdeBuildType                                : loaded 2 times (x 72B)
Class com.google.gson.internal.bind.ReflectiveTypeAdapterFactory$2                    : loaded 2 times (x 80B)
Class com.google.common.cache.CacheLoader$UnsupportedLoadingOperationException        : loaded 2 times (x 84B)
Class org.gradle.tooling.FetchModelResult                                             : loaded 2 times (x 72B)
Class com.android.ide.common.gradle.Separator                                         : loaded 2 times (x 81B)
Class org.objectweb.asm.ClassWriter                                                   : loaded 2 times (x 107B)
Class com.google.common.collect.AbstractMapBasedMultimap$KeySet$1                     : loaded 2 times (x 84B)
Class com.google.common.io.LineReader$1                                               : loaded 2 times (x 77B)
Class com.google.common.base.Platform                                                 : loaded 2 times (x 73B)
Class com.google.gson.internal.bind.ReflectiveTypeAdapterFactory$RecordAdapter        : loaded 2 times (x 79B)
Class com.amazon.ion.impl.LocalSymbolTableAsStruct                                    : loaded 2 times (x 134B)
Class com.amazon.ion.impl.lite.IonTimestampLite                                       : loaded 2 times (x 195B)
Class com.android.tools.idea.gradle.project.sync.ResolvedAndroidProjectPath           : loaded 2 times (x 72B)
Class com.android.tools.idea.gradle.model.IdeDependenciesCore                         : loaded 2 times (x 72B)
Class com.android.tools.idea.gradle.model.impl.IdeDependenciesImplKt                  : loaded 2 times (x 73B)
Class com.google.common.collect.HashMultimapGwtSerializationDependencies              : loaded 2 times (x 175B)
Class com.android.tools.idea.gradle.project.sync.MeasurementCheckpoint                : loaded 2 times (x 81B)
Class com.amazon.ion.IonMutableCatalog                                                : loaded 2 times (x 72B)
Class com.android.tools.idea.gradle.project.sync.AgpVersionIncompatible               : loaded 2 times (x 84B)
Class com.amazon.ion.impl._Private_IonReaderBuilder                                   : loaded 2 times (x 99B)
Class com.android.tools.idea.gradle.project.sync.ModelVersion                         : loaded 2 times (x 77B)
Class com.google.gson.internal.bind.ReflectiveTypeAdapterFactory$1                    : loaded 2 times (x 76B)
Class org.jetbrains.plugins.gradle.model.DefaultGradleLightBuild                      : loaded 2 times (x 84B)
Class com.android.tools.idea.gradle.project.sync.Modules                              : loaded 2 times (x 73B)
Class com.android.builder.model.v2.ide.BasicTestSuiteArtifact                         : loaded 2 times (x 72B)
Class com.android.builder.model.v2.ide.TestSuiteTestInfo                              : loaded 2 times (x 72B)
Class com.amazon.ion.impl.bin._Private_IonManagedBinaryWriterBuilder$AllocatorMode$2  : loaded 2 times (x 82B)
Class com.amazon.ion.impl._Private_IonTextWriterBuilder                               : loaded 2 times (x 103B)
Class com.amazon.ion.impl.lite.IonFloatLite                                           : loaded 2 times (x 189B)
Class org.gradle.kotlin.dsl.VersionCatalogAccessorsKt                                 : loaded 2 times (x 73B)
Class com.intellij.gradle.toolingExtension.modelAction.GradleProjectLoadedModelFetchPhase: loaded 2 times (x 83B)
Class com.google.gson.internal.reflect.ReflectionHelper$RecordNotSupportedHelper      : loaded 2 times (x 80B)
Class [Lorg.objectweb.asm.AnnotationWriter;                                           : loaded 2 times (x 71B)
Class com.google.gson.JsonIOException                                                 : loaded 2 times (x 84B)
Class com.google.common.collect.Maps$8                                                : loaded 2 times (x 84B)
Class com.amazon.ion.IonString                                                        : loaded 2 times (x 72B)
Class com.android.tools.idea.gradle.model.IdeJavaCompileOptions                       : loaded 2 times (x 72B)
Class com.android.tools.idea.gradle.project.sync.ModelCacheV2ImplKt$modelCacheV2Impl$variantCoreFrom$9: loaded 2 times (x 131B)
Class com.google.gson.internal.bind.DefaultDateTypeAdapter$DateType                   : loaded 2 times (x 75B)
Class com.android.tools.idea.gradle.model.IdeArtifactName$Companion                   : loaded 2 times (x 73B)
Class com.google.common.util.concurrent.UncheckedExecutionException                   : loaded 2 times (x 84B)
Class org.apache.commons.io.build.AbstractOrigin$ByteArrayOrigin                      : loaded 2 times (x 91B)
Class org.jetbrains.kotlin.tooling.core.KotlinToolingVersion                          : loaded 2 times (x 77B)
Class com.google.common.io.ByteSink$AsCharSink                                        : loaded 2 times (x 82B)
Class org.gradle.tooling.internal.consumer.converters.FixedBuildIdentifierProvider    : loaded 2 times (x 77B)
Class io.opentelemetry.context.ForwardingExecutorService                              : loaded 2 times (x 106B)
Class com.android.tools.idea.gradle.project.sync.HasBasicGradleProject                : loaded 2 times (x 72B)
Class com.amazon.ion.impl.bin._Private_IonManagedBinaryWriterBuilder$AllocatorMode$1  : loaded 2 times (x 82B)
Class com.amazon.ion.Decimal                                                          : loaded 2 times (x 136B)
Class com.google.common.collect.Sets$SetView                                          : loaded 2 times (x 140B)
Class com.google.common.cache.LocalCache$StrongValueReference                         : loaded 2 times (x 92B)
Class com.amazon.ion.BufferConfiguration                                              : loaded 2 times (x 74B)
Class com.amazon.ion.system.SimpleCatalog                                             : loaded 2 times (x 93B)
Class com.android.tools.idea.gradle.project.sync.LibraryIdentity$LibraryIdentityProvider: loaded 2 times (x 74B)
Class org.gradle.tooling.model.SourceDirectory                                        : loaded 2 times (x 72B)
Class com.intellij.openapi.util.io.FileUtilRt                                         : loaded 2 times (x 73B)
Class com.amazon.ion.impl.bin.AbstractSymbolTable                                     : loaded 2 times (x 109B)
Class com.amazon.ion.impl._Private_ReaderWriter                                       : loaded 2 times (x 72B)
Class org.gradle.internal.impldep.com.google.common.base.Preconditions                : loaded 2 times (x 73B)
Class org.gradle.tooling.model.idea.IdeaSingleEntryLibraryDependency                  : loaded 2 times (x 72B)
Class org.gradle.tooling.model.ExternalDependency                                     : loaded 2 times (x 72B)
Class com.android.tools.idea.gradle.project.sync.ModelConsumerVersion                 : loaded 2 times (x 77B)
Class com.google.common.graph.SuccessorsFunction                                      : loaded 2 times (x 72B)
Class [Lcom.google.gson.stream.JsonToken;                                             : loaded 2 times (x 71B)
Class org.objectweb.asm.Type                                                          : loaded 2 times (x 74B)
Class com.google.gson.LongSerializationPolicy$1                                       : loaded 2 times (x 82B)
Class org.gradle.internal.classloader.VisitableURLClassLoader$InstrumentingVisitableURLClassLoader: loaded 2 times (x 124B)
Class com.android.tools.idea.gradle.project.sync.AllVariantsSyncActionOptions         : loaded 2 times (x 75B)
Class com.android.tools.idea.gradle.model.impl.IdeProductFlavorImpl                   : loaded 2 times (x 103B)
Class com.amazon.ion.impl.lite.IonStructLite                                          : loaded 2 times (x 300B)
Class com.google.common.util.concurrent.AbstractFuture$Trusted                        : loaded 2 times (x 72B)
Class com.android.tools.idea.gradle.model.impl.IdeBuildImpl                           : loaded 2 times (x 78B)
Class com.amazon.ion.IonSymbol                                                        : loaded 2 times (x 72B)
Class com.amazon.ion.impl.bin.utf8.Poolable                                           : loaded 2 times (x 81B)
Class com.google.gson.internal.sql.SqlTimeTypeAdapter$1                               : loaded 2 times (x 77B)
Class com.google.gson.internal.bind.MapTypeAdapterFactory$Adapter                     : loaded 2 times (x 76B)
Class com.android.tools.idea.gradle.model.IdeBasicVariant                             : loaded 2 times (x 72B)
Class com.android.tools.idea.gradle.model.impl.IdeJavaCompileOptionsImpl              : loaded 2 times (x 80B)
Class com.intellij.gradle.toolingExtension.impl.model.taskModel.GradleTaskModelProvider: loaded 2 times (x 80B)
Class com.google.common.io.Files$FileByteSink                                         : loaded 2 times (x 79B)
Class com.google.common.math.IntMath$1                                                : loaded 2 times (x 73B)
Class org.objectweb.asm.ByteVector                                                    : loaded 2 times (x 81B)
Class [Lcom.google.common.cache.CacheBuilder$NullListener;                            : loaded 2 times (x 71B)
Class com.google.gson.LongSerializationPolicy$2                                       : loaded 2 times (x 82B)
Class [Lcom.amazon.ion.impl.bin.IonRawBinaryWriter$StreamFlushMode;                   : loaded 2 times (x 71B)
Class com.amazon.ion.UnsupportedIonVersionException                                   : loaded 2 times (x 87B)
Class org.gradle.internal.classloader.VisitableURLClassLoader$Spec                    : loaded 2 times (x 76B)
Class org.gradle.internal.classpath.DefaultClassPath                                  : loaded 2 times (x 92B)
Class com.android.tools.idea.gradle.model.IdeAndroidLibrary                           : loaded 2 times (x 72B)
Class com.amazon.ion.facet.Faceted                                                    : loaded 2 times (x 72B)
Class [Lcom.android.tools.idea.gradle.project.sync.AndroidModule$NativeModelVersion;  : loaded 2 times (x 71B)
Class com.android.tools.idea.gradle.model.impl.IdeAndroidProjectImpl$Companion        : loaded 2 times (x 73B)
Class com.android.tools.idea.gradle.model.impl.IdeAaptOptionsImpl                     : loaded 2 times (x 77B)
Class org.jetbrains.plugins.gradle.tooling.serialization.ToolingStreamApiUtils        : loaded 2 times (x 73B)
Class com.amazon.ion.system.IonWriterBuilder                                          : loaded 2 times (x 76B)
Class com.amazon.ion.IonBufferConfiguration$OversizedSymbolTableHandler               : loaded 2 times (x 72B)
Class com.amazon.ion.impl.lite.IonContainerLite                                       : loaded 2 times (x 250B)
Class com.google.common.cache.LocalCache$2                                            : loaded 2 times (x 144B)
Class com.google.common.collect.AbstractMultimap                                      : loaded 2 times (x 125B)
Class com.google.common.collect.Sets$ImprovedAbstractSet                              : loaded 2 times (x 137B)
Class com.google.common.collect.AbstractSetMultimap                                   : loaded 2 times (x 175B)
Class org.apache.commons.compress.archivers.ArchiveOutputStream                       : loaded 2 times (x 102B)
Class org.gradle.tooling.internal.consumer.versioning.VersionDetails$R26VersionDetails: loaded 2 times (x 82B)
Class org.objectweb.asm.Symbol                                                        : loaded 2 times (x 75B)
Class com.amazon.ion.impl.bin.IonManagedBinaryWriter$SymbolState                      : loaded 2 times (x 82B)
Class com.amazon.ion.IonStruct                                                        : loaded 2 times (x 72B)
Class com.android.tools.idea.gradle.model.impl.IdeVariantCoreSerializable             : loaded 2 times (x 72B)
Class com.android.builder.model.v2.models.ndk.NativeBuildSystem                       : loaded 2 times (x 81B)
Class org.apache.commons.io.function.IOSupplier                                       : loaded 2 times (x 72B)
Class com.android.tools.idea.gradle.model.IdeCompositeBuildMap                        : loaded 2 times (x 72B)
Class org.gradle.tooling.model.cpp.CppBinary                                          : loaded 2 times (x 72B)
Class com.amazon.ion.impl.bin._Private_IonManagedWriter                               : loaded 2 times (x 72B)
Class com.google.common.io.Closer                                                     : loaded 2 times (x 80B)
Class [Lorg.apache.commons.compress.archivers.ArchiveEntry;                           : loaded 2 times (x 71B)
Class com.google.common.io.Java8Compatibility                                         : loaded 2 times (x 73B)
Class com.amazon.ion.impl.bin.Symbols$2                                               : loaded 2 times (x 109B)
Class com.amazon.ion.impl.IonWriterSystem                                             : loaded 2 times (x 172B)
Class com.google.gson.reflect.TypeToken                                               : loaded 2 times (x 77B)
Class com.google.common.collect.RegularImmutableMap$Values                            : loaded 2 times (x 209B)
Class org.gradle.internal.classloader.ClassLoaderSpec                                 : loaded 2 times (x 73B)
Class com.android.tools.idea.gradle.model.LibraryReference                            : loaded 2 times (x 74B)
Class com.android.tools.idea.gradle.model.IdeAaptOptions                              : loaded 2 times (x 72B)
Class com.android.builder.model.v2.ide.TestSuite                                      : loaded 2 times (x 72B)
Class com.google.common.collect.SortedLists$KeyAbsentBehavior$1                       : loaded 2 times (x 82B)
Class com.google.common.collect.AbstractMapEntry                                      : loaded 2 times (x 83B)
Class com.google.gson.internal.bind.TypeAdapterRuntimeTypeWrapper                     : loaded 2 times (x 76B)
Class org.jetbrains.kotlin.idea.gradleTooling.IdeaKpmProjectProvider                  : loaded 2 times (x 80B)
Class org.apache.commons.compress.archivers.zip.ZipEncoding                           : loaded 2 times (x 72B)
Class org.objectweb.asm.AnnotationWriter                                              : loaded 2 times (x 80B)
Class com.google.common.cache.CacheStats                                              : loaded 2 times (x 73B)
Class com.google.gson.internal.sql.SqlTimestampTypeAdapter$1                          : loaded 2 times (x 77B)
Class com.google.gson.JsonPrimitive                                                   : loaded 2 times (x 95B)
Class com.amazon.ion.impl.IonWriterSystemTextMarkup                                   : loaded 2 times (x 193B)
Class com.amazon.ion.impl.bin.BlockAllocator                                          : loaded 2 times (x 82B)
Class [Lcom.android.tools.idea.gradle.model.ClasspathType;                            : loaded 2 times (x 71B)
Class [Lcom.android.builder.model.v2.models.ndk.NativeBuildSystem;                    : loaded 2 times (x 71B)
Class com.google.common.cache.LocalCache$1                                            : loaded 2 times (x 91B)
Class [Lcom.android.tools.idea.gradle.model.IdeArtifactName;                          : loaded 2 times (x 71B)
Class com.google.common.collect.SortedLists$KeyAbsentBehavior$2                       : loaded 2 times (x 82B)
Class com.google.common.collect.Cut$AboveAll                                          : loaded 2 times (x 90B)
Class com.google.common.collect.SingletonImmutableBiMap                               : loaded 2 times (x 145B)
Class com.google.common.base.Ascii                                                    : loaded 2 times (x 73B)
Class com.intellij.gradle.toolingExtension.impl.util.GradleExecutorServiceUtil        : loaded 2 times (x 73B)
Class com.android.tools.idea.gradle.project.sync.VariantDependenciesCompat$AdjacencyList: loaded 2 times (x 74B)
Class com.android.tools.idea.gradle.project.sync.SyncCounters                         : loaded 2 times (x 74B)
Class org.jetbrains.plugins.gradle.model.DefaultBuildController                       : loaded 2 times (x 108B)
Class org.gradle.internal.service.ServiceLocator                                      : loaded 2 times (x 72B)
Class com.google.gson.stream.JsonWriter                                               : loaded 2 times (x 100B)
Class org.gradle.tooling.internal.consumer.connection.FetchAwareBuildControllerAdapter: loaded 2 times (x 114B)
Class com.intellij.gradle.toolingExtension.modelProvider.GradleClassBuildModelProvider: loaded 2 times (x 82B)
Class com.google.common.collect.ImmutableMultisetGwtSerializationDependencies         : loaded 2 times (x 127B)
Class com.google.common.io.Closer$Suppressor                                          : loaded 2 times (x 72B)
Class com.google.common.io.LineProcessor                                              : loaded 2 times (x 72B)
Class [Lcom.google.gson.ReflectionAccessFilter$FilterResult;                          : loaded 2 times (x 71B)
Class org.objectweb.asm.RecordComponentWriter                                         : loaded 2 times (x 79B)
Class com.google.common.util.concurrent.AbstractFuture$Listener                       : loaded 2 times (x 74B)
Class [Lorg.objectweb.asm.Type;                                                       : loaded 2 times (x 71B)
Class com.google.gson.JsonElement                                                     : loaded 2 times (x 94B)
Class Settings_gradle$1$1                                                             : loaded 2 times (x 76B)
Class com.amazon.ion.system.IonWriterBuilderBase                                      : loaded 2 times (x 85B)
Class org.gradle.api.internal.classpath.Module$ModuleAlias                            : loaded 2 times (x 72B)
Class com.google.common.collect.Platform                                              : loaded 2 times (x 73B)
Class com.android.builder.model.v2.ide.TestSuiteArtifact                              : loaded 2 times (x 72B)
Class com.google.common.collect.SortedLists$KeyAbsentBehavior$3                       : loaded 2 times (x 82B)
Class com.google.gson.internal.Primitives                                             : loaded 2 times (x 73B)
Class com.intellij.gradle.toolingExtension.impl.modelAction.GradleDaemonModelHolder$1 : loaded 2 times (x 80B)
Class [Lorg.objectweb.asm.Attribute;                                                  : loaded 2 times (x 71B)
Class org.gradle.tooling.internal.consumer.connection.ParameterAwareBuildControllerAdapter: loaded 2 times (x 114B)
Class com.android.tools.idea.gradle.project.sync.ModelConverter                       : loaded 2 times (x 73B)
Class com.android.tools.idea.gradle.project.sync.SyncActionRunnerKt$toMeasuringController$1: loaded 2 times (x 92B)
Class com.android.tools.idea.gradle.project.sync.AndroidExtraModelProviderImpl        : loaded 2 times (x 74B)
Class [Lorg.objectweb.asm.Label;                                                      : loaded 2 times (x 71B)
Class org.objectweb.asm.Attribute                                                     : loaded 2 times (x 79B)
Class com.android.ide.common.gradle.Version$Companion$ParseState                      : loaded 2 times (x 72B)
Class com.google.common.base.Supplier                                                 : loaded 2 times (x 72B)
Class com.google.gson.internal.bind.CollectionTypeAdapterFactory                      : loaded 2 times (x 77B)
Class org.gradle.internal.classloader.VisitableURLClassLoader                         : loaded 2 times (x 118B)
Class com.google.common.collect.TreeRangeSet$AsRanges                                 : loaded 2 times (x 151B)
Class com.android.tools.idea.gradle.project.sync.AndroidModule$NativeModelVersion     : loaded 2 times (x 81B)
Class com.android.tools.idea.gradle.project.sync.IdeModelWithPostProcessor            : loaded 2 times (x 74B)
Class com.android.tools.idea.gradle.model.impl.IdeModuleWellKnownSourceSet$Companion  : loaded 2 times (x 73B)
Class com.amazon.ion.impl._Private_IonTextWriterBuilder$Mutable                       : loaded 2 times (x 103B)
Class com.intellij.gradle.toolingExtension.impl.modelSerialization.ToolingSerializer  : loaded 2 times (x 74B)
Class com.amazon.ion.impl.bin.IonRawBinaryWriter$ContainerType                        : loaded 2 times (x 81B)
Class com.google.gson.GsonBuilder                                                     : loaded 2 times (x 74B)
Class com.google.gson.internal.bind.DefaultDateTypeAdapter                            : loaded 2 times (x 76B)
Class com.google.common.base.MoreObjects                                              : loaded 2 times (x 73B)
Class Settings_gradle                                                                 : loaded 2 times (x 126B)
Class [Lcom.amazon.ion.SymbolTable;                                                   : loaded 2 times (x 71B)
Class com.amazon.ion.impl.bin.IonBinaryWriterAdapter$Factory                          : loaded 2 times (x 72B)
Class com.amazon.ion.impl.BlockedBuffer$BufferedOutputStream                          : loaded 2 times (x 92B)
Class com.android.tools.idea.gradle.model.IdeAndroidProject                           : loaded 2 times (x 72B)
Class org.apache.commons.io.output.ByteArrayOutputStream                              : loaded 2 times (x 104B)
Class com.google.common.collect.BaseImmutableMultimap                                 : loaded 2 times (x 125B)
Class com.google.common.collect.EmptyImmutableListMultimap                            : loaded 2 times (x 178B)
Class org.gradle.tooling.internal.consumer.converters.IdeaProjectJavaLanguageSettingsMixin: loaded 2 times (x 75B)
Class com.google.common.base.Strings                                                  : loaded 2 times (x 73B)
Class com.google.common.collect.Sets                                                  : loaded 2 times (x 73B)
Class org.objectweb.asm.Handler                                                       : loaded 2 times (x 74B)
Class com.android.ide.common.gradle.Version$Companion                                 : loaded 2 times (x 73B)
Class com.google.common.base.Ticker                                                   : loaded 2 times (x 74B)
Class com.android.tools.idea.gradle.project.sync.BuildInfo                            : loaded 2 times (x 74B)
Class com.google.gson.internal.bind.TreeTypeAdapter                                   : loaded 2 times (x 77B)
Class com.google.gson.internal.sql.SqlTimeTypeAdapter                                 : loaded 2 times (x 76B)
Class com.amazon.ion.impl.bin.AbstractIonWriter$WriteValueOptimization                : loaded 2 times (x 81B)
Class com.android.builder.model.v2.models.TestApkTestSuiteSource                      : loaded 2 times (x 72B)
Class com.android.tools.idea.gradle.project.sync.ModelCacheV2ImplKt                   : loaded 2 times (x 73B)
Class com.intellij.util.containers.UtilKt                                             : loaded 2 times (x 73B)
Class com.android.tools.idea.gradle.model.impl.IdeSourceProviderContainerImpl         : loaded 2 times (x 78B)
Class com.android.tools.idea.gradle.model.impl.IdeCustomSourceDirectoryImpl           : loaded 2 times (x 78B)
Class com.android.tools.idea.gradle.project.sync.BasicModulesKt                       : loaded 2 times (x 73B)
Class com.android.tools.idea.gradle.project.upgrade.AndroidGradlePluginCompatibility  : loaded 2 times (x 81B)
Class com.google.common.collect.Cut$AboveValue                                        : loaded 2 times (x 90B)
Class com.android.tools.idea.gradle.model.IdeSigningConfig                            : loaded 2 times (x 72B)
Class com.android.tools.idea.gradle.project.sync.ModelVersions                        : loaded 2 times (x 74B)
Class com.android.tools.idea.gradle.model.IdeLibrary                                  : loaded 2 times (x 72B)
Class sync_studio_tooling2_156dtg050h469twzxu4uiqtgi$_run_closure1                    : loaded 2 times (x 140B)
Class com.amazon.ion.IonValue                                                         : loaded 2 times (x 72B)
Class com.google.common.cache.CacheLoader$FunctionToCacheLoader                       : loaded 2 times (x 77B)
Class org.apache.commons.io.output.UnsynchronizedByteArrayOutputStream                : loaded 2 times (x 104B)
Class com.android.tools.idea.gradle.project.sync.SyncProjectActionOptions             : loaded 2 times (x 75B)
Class org.gradle.tooling.BuildController                                              : loaded 2 times (x 72B)
Class [Lcom.google.common.cache.LocalCache$Segment;                                   : loaded 2 times (x 71B)
Class [Lcom.google.common.cache.LocalCache$Strength;                                  : loaded 2 times (x 71B)
Class com.google.common.cache.CacheBuilder$1                                          : loaded 2 times (x 87B)
Class com.google.gson.internal.bind.TypeAdapters$20                                   : loaded 2 times (x 77B)
Class com.google.common.collect.ImmutableMap                                          : loaded 2 times (x 122B)
Class com.amazon.ion.impl.bin.BlockAllocatorProvider                                  : loaded 2 times (x 74B)
Class org.gradle.internal.classpath.DefaultClassPath$ImmutableUniqueList$Builder      : loaded 2 times (x 77B)
Class com.android.tools.idea.gradle.project.sync.ModelCacheV2ImplKt$modelCacheV2Impl$createFromDependencies$1$LibraryWithDependencies: loaded 2 times (x 74B)
Class com.android.tools.idea.gradle.model.impl.IdeViewBindingOptionsImpl              : loaded 2 times (x 76B)
Class com.google.common.collect.ImmutableListMultimap                                 : loaded 2 times (x 178B)
Class com.android.tools.idea.gradle.project.sync.SelectedVariants                     : loaded 2 times (x 74B)
Class com.intellij.gradle.toolingExtension.impl.modelSerialization.ToolingSerializer$1: loaded 2 times (x 78B)
Class com.android.tools.idea.gradle.model.IdeBuild                                    : loaded 2 times (x 72B)
Class com.android.tools.idea.gradle.project.sync.ModelCache                           : loaded 2 times (x 72B)
Class com.google.gson.stream.JsonToken                                                : loaded 2 times (x 81B)
Class com.google.common.cache.LocalCache                                              : loaded 2 times (x 188B)
Class com.google.common.cache.CacheBuilder$2                                          : loaded 2 times (x 81B)
Class com.android.tools.idea.gradle.model.impl.IdeDependenciesCoreImpl                : loaded 2 times (x 72B)
Class com.google.gson.internal.bind.TypeAdapters$21                                   : loaded 2 times (x 77B)
Class com.google.gson.FieldNamingPolicy$1                                             : loaded 2 times (x 85B)
Class com.amazon.ion.impl.lite.IonSequenceLite                                        : loaded 2 times (x 434B)
Class com.amazon.ion.impl._Private_Utils$1                                            : loaded 2 times (x 100B)
Class com.amazon.ion.impl.SymbolTableAsStruct                                         : loaded 2 times (x 72B)
Class com.android.tools.idea.gradle.project.sync.AndroidProjectPathResolver           : loaded 2 times (x 72B)
Class com.android.tools.idea.gradle.project.sync.AndroidProjectResult$V2Project       : loaded 2 times (x 79B)
Class com.android.tools.idea.gradle.project.sync.VariantDiscovery$prepareRequestedOrDefaultModuleConfigurations$$inlined$sortedBy$1: loaded 2 times (x 91B)
Class com.android.tools.idea.gradle.project.sync.LibraryIdentity$LibraryIdentityProvider$special$$inlined$thenBy$1: loaded 2 times (x 92B)
Class org.gradle.internal.classloader.InstrumentingClassLoader                        : loaded 2 times (x 72B)
Class org.gradle.internal.classpath.TransformedClassPath                              : loaded 2 times (x 98B)
Class com.google.gson.LongSerializationPolicy                                         : loaded 2 times (x 82B)
Class com.google.common.cache.CacheBuilder$NullListener                               : loaded 2 times (x 84B)
Class org.objectweb.asm.FieldWriter                                                   : loaded 2 times (x 79B)
Class kotlin.coroutines.jvm.internal.CoroutineDumpState                               : loaded 2 times (x 73B)
Class org.gradle.tooling.model.idea.IdeaContentRoot                                   : loaded 2 times (x 72B)
Class com.android.tools.idea.gradle.model.IdeArtifactName                             : loaded 2 times (x 81B)
Class com.amazon.ion.impl._Private_ByteTransferSink                                   : loaded 2 times (x 72B)
Class org.apache.commons.compress.archivers.zip.CharsetAccessor                       : loaded 2 times (x 72B)
Class org.apache.commons.io.build.AbstractOrigin$OutputStreamOrigin                   : loaded 2 times (x 91B)
Class com.google.common.collect.ArrayListMultimap                                     : loaded 2 times (x 173B)
Class com.google.common.cache.CacheBuilder$3                                          : loaded 2 times (x 74B)
Class com.google.gson.internal.bind.TypeAdapters$22                                   : loaded 2 times (x 77B)
Class com.google.gson.FieldNamingPolicy$2                                             : loaded 2 times (x 85B)
Class com.google.gson.internal.Excluder$1                                             : loaded 2 times (x 76B)
Class [Lcom.google.common.collect.AbstractMapEntry;                                   : loaded 2 times (x 71B)
Class com.google.common.collect.ImmutableEntry                                        : loaded 2 times (x 84B)
Class com.amazon.ion.impl.bin.AbstractIonWriter                                       : loaded 2 times (x 162B)
Class com.amazon.ion.impl.bin.IonManagedBinaryWriter$ImportedSymbolResolverMode$1$1   : loaded 2 times (x 80B)
Class com.android.tools.idea.gradle.model.IdeAaptOptions$Namespacing                  : loaded 2 times (x 81B)
Class com.amazon.ion.IonDatagram                                                      : loaded 2 times (x 72B)
Class com.android.tools.idea.gradle.model.IdeApiVersion                               : loaded 2 times (x 72B)
Class com.google.common.collect.MapDifference                                         : loaded 2 times (x 72B)
Class com.google.common.cache.LocalCache$Strength$3                                   : loaded 2 times (x 83B)
Class com.google.common.io.ByteStreams                                                : loaded 2 times (x 73B)
Class com.intellij.openapi.util.Pair                                                  : loaded 2 times (x 74B)
Class org.gradle.tooling.model.eclipse.EclipseExternalDependency                      : loaded 2 times (x 72B)
Class org.gradle.tooling.internal.adapter.ProtocolToModelAdapter$TypeSpecificMappingAction: loaded 2 times (x 83B)
Class com.android.tools.idea.gradle.model.IdeAndroidProjectType                       : loaded 2 times (x 81B)
Class com.android.tools.idea.gradle.project.sync.ModelCacheV2ImplKt$modelCacheV2Impl$variantCoreFrom$15: loaded 2 times (x 131B)
Class org.gradle.tooling.internal.consumer.versioning.VersionDetails$R35VersionDetails: loaded 2 times (x 82B)
Class com.android.tools.idea.gradle.project.sync.ModelResult$Context                  : loaded 2 times (x 72B)
Class org.apache.commons.io.StandardLineSeparator                                     : loaded 2 times (x 81B)
Class org.apache.commons.compress.archivers.zip.NioZipEncoding                        : loaded 2 times (x 82B)
Class com.android.ide.common.gradle.Version                                           : loaded 2 times (x 77B)
Class com.google.gson.internal.bind.TypeAdapters$23                                   : loaded 2 times (x 77B)
Class com.google.gson.FieldNamingPolicy$3                                             : loaded 2 times (x 85B)
Class com.google.common.collect.CollectPreconditions                                  : loaded 2 times (x 73B)
Class com.amazon.ion.system.IonReaderBuilder                                          : loaded 2 times (x 97B)
Class com.amazon.ion.IonReader                                                        : loaded 2 times (x 72B)
Class com.android.tools.idea.gradle.project.sync.IdeModelFactoryV2Kt                  : loaded 2 times (x 73B)
Class com.amazon.ion.impl.bin.PooledBlockAllocatorProvider$PooledBlockAllocator       : loaded 2 times (x 83B)
Class com.amazon.ion.IonTimestamp                                                     : loaded 2 times (x 72B)
Class com.google.common.cache.LocalCache$Strength$2                                   : loaded 2 times (x 83B)
Class com.google.common.util.concurrent.SettableFuture                                : loaded 2 times (x 116B)
Class org.apache.commons.io.output.QueueOutputStream                                  : loaded 2 times (x 89B)
Class org.jetbrains.kotlin.idea.gradleTooling.IdeaKotlinDependenciesContainer         : loaded 2 times (x 72B)
Class [Lcom.google.common.io.FileWriteMode;                                           : loaded 2 times (x 71B)
Class com.google.gson.internal.bind.TypeAdapters$24                                   : loaded 2 times (x 77B)
Class com.google.gson.FieldNamingPolicy$4                                             : loaded 2 times (x 85B)
Class com.google.common.collect.SortedMapDifference                                   : loaded 2 times (x 72B)
Class com.amazon.ion.IonClob                                                          : loaded 2 times (x 72B)
Class com.android.tools.idea.gradle.model.IdeUnresolvedArtifactLibrary                : loaded 2 times (x 72B)
Class com.android.tools.idea.gradle.model.IdeBuildTasksAndOutputInformation           : loaded 2 times (x 72B)
Class [Lcom.android.tools.idea.gradle.model.IdeAndroidProjectType;                    : loaded 2 times (x 71B)
Class org.jetbrains.plugins.gradle.model.ProjectImportModelProvider$GradleModelConsumer$1: loaded 2 times (x 79B)
Class com.android.tools.idea.gradle.project.sync.AndroidExtraModelProviderKt$flattenDag$2: loaded 2 times (x 97B)
Class com.android.tools.idea.gradle.model.IdeVariantBuildInformation                  : loaded 2 times (x 72B)
Class org.jetbrains.kotlin.idea.gradleTooling.KotlinDslScriptModelProvider            : loaded 2 times (x 80B)
Class com.google.common.io.Files                                                      : loaded 2 times (x 73B)
Class org.jetbrains.kotlin.tooling.core.KotlinToolingVersion$Maturity                 : loaded 2 times (x 81B)
Class com.google.common.cache.LocalCache$EntryFactory                                 : loaded 2 times (x 85B)
Class com.google.gson.internal.bind.TypeAdapters$25                                   : loaded 2 times (x 77B)
Class com.google.gson.FieldNamingPolicy$5                                             : loaded 2 times (x 85B)
Class com.amazon.ion.impl.lite.IonLobLite                                             : loaded 2 times (x 187B)
Class com.amazon.ion.impl.lite.IonTextLite                                            : loaded 2 times (x 184B)
Class com.amazon.ion.IonNumber                                                        : loaded 2 times (x 72B)
Class com.android.tools.idea.gradle.model.impl.IdeModuleSourceSet                     : loaded 2 times (x 72B)
Class com.google.common.cache.LocalCache$Strength$1                                   : loaded 2 times (x 83B)
Class org.objectweb.asm.ModuleVisitor                                                 : loaded 2 times (x 83B)
Class org.gradle.tooling.model.Task                                                   : loaded 2 times (x 72B)
Class com.google.common.collect.Sets$4                                                : loaded 2 times (x 141B)
Class com.google.common.io.ByteArrayDataInput                                         : loaded 2 times (x 72B)
Class com.android.tools.idea.gradle.model.IdeVariantHeader                            : loaded 2 times (x 72B)
Class org.gradle.internal.service.UnknownServiceException                             : loaded 2 times (x 85B)
Class org.jetbrains.kotlin.idea.projectModel.ExtraFeatures                            : loaded 2 times (x 72B)
Class com.google.common.cache.LocalCache$AbstractReferenceEntry                       : loaded 2 times (x 109B)
Class [Lcom.android.ide.common.gradle.Separator;                                      : loaded 2 times (x 71B)
Class com.google.gson.internal.bind.ArrayTypeAdapter                                  : loaded 2 times (x 76B)
Class com.google.gson.internal.bind.TypeAdapters$26                                   : loaded 2 times (x 77B)
Class com.google.gson.FieldNamingPolicy$6                                             : loaded 2 times (x 85B)
Class [Lcom.amazon.ion.impl.bin.IonManagedBinaryWriter$UserState;                     : loaded 2 times (x 71B)
Class com.amazon.ion.impl.bin.utf8.Utf8StringEncoder                                  : loaded 2 times (x 82B)
Class com.amazon.ion.IonBool                                                          : loaded 2 times (x 72B)
Class com.android.tools.idea.gradle.model.impl.IdeBuildTasksAndOutputInformationImpl  : loaded 2 times (x 82B)
Class com.android.tools.idea.gradle.model.IdeMultiVariantData                         : loaded 2 times (x 72B)
Class com.android.tools.idea.gradle.project.sync.BuildTypeDef                         : loaded 2 times (x 74B)
Class com.android.tools.idea.gradle.project.sync.IdeModelFactoryV2                    : loaded 2 times (x 74B)
Class com.amazon.ion.impl.lite.IonBoolLite                                            : loaded 2 times (x 181B)
Class com.google.common.cache.LocalCache$LocalLoadingCache                            : loaded 2 times (x 136B)
Class com.google.common.collect.Sets$3                                                : loaded 2 times (x 141B)
Class com.android.tools.idea.gradle.project.sync.SyncActionRunner$Companion           : loaded 2 times (x 73B)
Class com.android.tools.idea.gradle.project.sync.SyncActionRunner                     : loaded 2 times (x 78B)
Class [Lorg.objectweb.asm.AnnotationVisitor;                                          : loaded 2 times (x 71B)
Class com.android.tools.idea.gradle.project.sync.ModelProviderCachedData              : loaded 2 times (x 74B)
Class com.android.tools.idea.gradle.project.sync.SyncTestMode                         : loaded 2 times (x 81B)
Class com.android.tools.idea.gradle.project.sync.GradleSyncStudioFlags                : loaded 2 times (x 74B)
Class org.jetbrains.plugins.gradle.model.ExternalSourceDirectorySet                   : loaded 2 times (x 72B)
Class com.intellij.gradle.toolingExtension.modelAction.GradleBuildFinishedModelFetchPhase: loaded 2 times (x 83B)
Class com.google.gson.internal.reflect.ReflectionHelper                               : loaded 2 times (x 73B)
Class org.objectweb.asm.SymbolTable                                                   : loaded 2 times (x 74B)
Class com.google.common.cache.CacheLoader$InvalidCacheLoadException                   : loaded 2 times (x 84B)
Class com.google.gson.internal.bind.TypeAdapters$27                                   : loaded 2 times (x 77B)
Class com.google.gson.FieldNamingPolicy$7                                             : loaded 2 times (x 85B)
Class com.amazon.ion.IonLoader                                                        : loaded 2 times (x 72B)
Class com.android.tools.idea.gradle.project.sync.ModelCacheV2ImplKt$modelCacheV2Impl$variantCoreFrom$12: loaded 2 times (x 131B)
Class com.android.tools.idea.gradle.project.sync.ModelResult$Companion                : loaded 2 times (x 73B)
Class com.android.tools.idea.gradle.project.sync.AndroidProjectResultKt               : loaded 2 times (x 73B)
Class com.android.tools.idea.gradle.project.sync.ModuleConfiguration                  : loaded 2 times (x 74B)
Class org.gradle.api.internal.ClassPathProvider                                       : loaded 2 times (x 72B)
Class [Lorg.gradle.api.internal.ClassPathProvider;                                    : loaded 2 times (x 71B)
Class com.amazon.ion.SymbolToken                                                      : loaded 2 times (x 72B)
Class com.amazon.ion.impl.bin.IonRawBinaryWriter                                      : loaded 2 times (x 170B)
Class com.amazon.ion.impl.SharedSymbolTable                                           : loaded 2 times (x 95B)
Class com.google.gson.FieldNamingStrategy                                             : loaded 2 times (x 72B)
Class [Lorg.apache.commons.compress.archivers.EntryStreamOffsets;                     : loaded 2 times (x 71B)
Class com.google.common.cache.LocalCache$StrongEntry                                  : loaded 2 times (x 110B)
Class com.google.common.util.concurrent.AbstractFuture$TrustedFuture                  : loaded 2 times (x 116B)
Class com.google.common.cache.LoadingCache                                            : loaded 2 times (x 72B)
Class [Lcom.google.gson.LongSerializationPolicy;                                      : loaded 2 times (x 71B)
Class com.amazon.ion.impl._Private_Utils                                              : loaded 2 times (x 73B)
Class com.android.tools.idea.gradle.project.sync.LibraryIdentity$Companion            : loaded 2 times (x 73B)
Class com.android.tools.idea.gradle.model.impl.IdeModuleWellKnownSourceSet            : loaded 2 times (x 85B)
Class com.android.tools.idea.gradle.project.sync.InternedModels                       : loaded 2 times (x 74B)
Class com.android.tools.idea.gradle.project.sync.BasicV2AndroidModuleGradleProject    : loaded 2 times (x 75B)
Class com.google.gson.JsonArray                                                       : loaded 2 times (x 102B)
Class com.google.common.collect.Sets$2                                                : loaded 2 times (x 141B)
Class com.android.builder.model.AndroidProject                                        : loaded 2 times (x 72B)
Class com.google.common.collect.TreeRangeSet                                          : loaded 2 times (x 117B)
Class com.android.tools.idea.gradle.project.sync.DefaultVariantsKt$getDefaultVariant$$inlined$thenBy$2: loaded 2 times (x 92B)
Class com.android.tools.idea.gradle.model.impl.IdeAndroidProjectImpl                  : loaded 2 times (x 109B)
Class org.gradle.tooling.internal.consumer.connection.NestedActionAwareBuildControllerAdapter: loaded 2 times (x 114B)
Class org.gradle.tooling.internal.consumer.versioning.VersionDetails$R51VersionDetails: loaded 2 times (x 82B)
Class com.android.tools.idea.gradle.project.sync.VariantDiscovery                     : loaded 2 times (x 74B)
Class com.android.tools.idea.gradle.project.sync.DependencyGraphCompat                : loaded 2 times (x 73B)
Class org.gradle.tooling.internal.consumer.versioning.VersionDetails                  : loaded 2 times (x 82B)
Class com.google.common.io.ByteStreams$LimitedInputStream                             : loaded 2 times (x 94B)
Class org.objectweb.asm.MethodWriter                                                  : loaded 2 times (x 107B)
Class [Lcom.google.common.cache.Weigher;                                              : loaded 2 times (x 71B)
Class com.google.gson.internal.bind.MapTypeAdapterFactory                             : loaded 2 times (x 77B)
Class com.google.gson.internal.bind.TypeAdapters$29                                   : loaded 2 times (x 77B)
Class com.google.gson.JsonNull                                                        : loaded 2 times (x 94B)
Class com.google.common.collect.RegularImmutableMap$BucketOverflowException           : loaded 2 times (x 84B)
Class com.android.tools.idea.gradle.project.sync.VariantDiscoveryKt                   : loaded 2 times (x 73B)
Class com.android.tools.idea.gradle.project.sync.HasAndroidVariantResolver            : loaded 2 times (x 72B)
Class org.gradle.api.internal.DefaultClassPathProvider                                : loaded 2 times (x 78B)
Class com.google.common.collect.Cut                                                   : loaded 2 times (x 90B)
Class com.amazon.ion.impl._Private_IonContainer                                       : loaded 2 times (x 72B)
Class com.google.gson.FieldNamingPolicy                                               : loaded 2 times (x 85B)
Class com.google.common.collect.ImmutableMultimap$1                                   : loaded 2 times (x 84B)
Class com.android.ide.common.gradle.Version$Companion$ParseState$EMPTY                : loaded 2 times (x 76B)
Class org.jetbrains.plugins.gradle.model.GradleConfiguration                          : loaded 2 times (x 72B)
Class com.amazon.ion.impl.bin.utf8.Utf8StringEncoderPool                              : loaded 2 times (x 76B)
Class com.amazon.ion.impl._Private_IonSystem                                          : loaded 2 times (x 72B)
Class com.amazon.ion.BufferConfiguration$OversizedValueHandler                        : loaded 2 times (x 72B)
Class com.android.tools.idea.gradle.model.impl.IdeVariantCoreImpl$Companion           : loaded 2 times (x 73B)
Class com.google.common.collect.Range$RangeLexOrdering                                : loaded 2 times (x 116B)
Class com.google.gson.FormattingStyle                                                 : loaded 2 times (x 80B)
Class com.google.gson.internal.bind.TypeAdapters                                      : loaded 2 times (x 73B)
Class com.android.ide.common.gradle.Numeric                                           : loaded 2 times (x 79B)
Class org.objectweb.asm.AnnotationVisitor                                             : loaded 2 times (x 80B)
Class com.google.common.collect.Sets$1                                                : loaded 2 times (x 141B)
Class org.jetbrains.kotlin.idea.projectModel.KotlinSwiftExportModel                   : loaded 2 times (x 72B)
Class org.gradle.tooling.internal.consumer.converters.ConsumerTargetTypeProvider      : loaded 2 times (x 78B)
Class com.google.common.collect.Cut$BelowValue                                        : loaded 2 times (x 90B)
Class com.google.common.collect.ImmutableMultimap$2                                   : loaded 2 times (x 83B)
Class com.google.common.collect.RegularImmutableBiMap                                 : loaded 2 times (x 150B)
Class com.google.common.cache.LocalCache$ValueReference                               : loaded 2 times (x 72B)
Class com.google.common.collect.Iterators$PeekingImpl                                 : loaded 2 times (x 87B)
Class com.android.tools.idea.gradle.project.sync.JavaModule                           : loaded 2 times (x 80B)
Class com.google.gson.internal.bind.DefaultDateTypeAdapter$DateType$1                 : loaded 2 times (x 75B)
Class com.amazon.ion.IonDecimal                                                       : loaded 2 times (x 72B)
Class com.android.tools.idea.gradle.project.sync.VariantDependenciesCompat            : loaded 2 times (x 74B)
Class com.android.tools.idea.gradle.project.sync.DefaultVariantsKt$getDefaultVariant$$inlined$thenBy$1: loaded 2 times (x 92B)
Class com.android.tools.idea.gradle.model.IdeDependenciesInfo                         : loaded 2 times (x 72B)
Class com.android.builder.model.v2.models.TestSuiteDependenciesAdjacencyList          : loaded 2 times (x 72B)
Class [Lcom.android.tools.idea.gradle.model.impl.IdeModuleSourceSet;                  : loaded 2 times (x 71B)
Class com.amazon.ion.IonWriter                                                        : loaded 2 times (x 72B)
Class com.amazon.ion.impl.bin._Private_IonRawWriter                                   : loaded 2 times (x 72B)
Class com.amazon.ion.impl.bin.IonRawBinaryWriter$PreallocationMode                    : loaded 2 times (x 83B)
Class com.amazon.ion.util.InputStreamInterceptor                                      : loaded 2 times (x 72B)
Class com.amazon.ion.impl.lite.IonSystemLite                                          : loaded 2 times (x 277B)
Class com.google.common.hash.PrimitiveSink                                            : loaded 2 times (x 72B)
Class com.google.common.base.PatternCompiler                                          : loaded 2 times (x 72B)
Class com.google.common.util.concurrent.AbstractFuture$Failure                        : loaded 2 times (x 74B)
Class com.google.common.base.Equivalence$Equals                                       : loaded 2 times (x 84B)
Class com.google.gson.internal.LazilyParsedNumber                                     : loaded 2 times (x 80B)
Class com.google.common.collect.Hashing                                               : loaded 2 times (x 73B)
Class com.amazon.ion.impl.bin.IonRawBinaryWriter$StreamCloseMode                      : loaded 2 times (x 81B)
Class com.amazon.ion.impl._Private_IonBinaryWriterBuilder$Mutable                     : loaded 2 times (x 117B)
Class sync_studio_tooling1_6ybtj18hzs0ayir9ofah66dnt$_run_closure1                    : loaded 2 times (x 140B)
Class [Lcom.android.tools.idea.gradle.model.ResolverType;                             : loaded 2 times (x 71B)
Class com.android.tools.idea.gradle.project.sync.LibraryIdentity                      : loaded 2 times (x 74B)
Class com.android.tools.idea.gradle.model.IdeVariantCore                              : loaded 2 times (x 72B)
Class com.google.common.collect.ImmutableEnumMap                                      : loaded 2 times (x 128B)
Class com.google.common.collect.ListMultimap                                          : loaded 2 times (x 72B)
Class com.android.tools.idea.gradle.project.upgrade.AndroidGradlePluginCompatibilityKt: loaded 2 times (x 73B)
Class com.android.tools.idea.gradle.project.sync.BasicIncompleteAndroidModule         : loaded 2 times (x 75B)
Class org.apache.commons.io.output.StringBuilderWriter                                : loaded 2 times (x 102B)
Class [Lorg.apache.commons.io.StandardLineSeparator;                                  : loaded 2 times (x 71B)
Class com.android.tools.idea.gradle.project.sync.ActionToRun$toSafeController$1       : loaded 2 times (x 92B)
Class org.gradle.tooling.model.GradleTask                                             : loaded 2 times (x 72B)
Class org.objectweb.asm.tree.ClassNode                                                : loaded 2 times (x 92B)
Class com.intellij.gradle.toolingExtension.modelAction.GradleModelFetchPhase$BuildFinished: loaded 2 times (x 72B)
Class org.jetbrains.kotlin.idea.projectModel.KotlinTarget$Companion                   : loaded 2 times (x 73B)
Class org.gradle.tooling.internal.adapter.ProtocolToModelAdapter$ClassMixInMethodInvoker: loaded 2 times (x 78B)
Class org.jetbrains.kotlin.idea.gradleTooling.AndroidAwareGradleModelProvider$populateModels$1: loaded 2 times (x 76B)
Class com.google.common.io.CharSink                                                   : loaded 2 times (x 81B)
Class [Lorg.apache.commons.io.file.DeleteOption;                                      : loaded 2 times (x 71B)
Class org.objectweb.asm.Label                                                         : loaded 2 times (x 75B)
Class org.objectweb.asm.CurrentFrame                                                  : loaded 2 times (x 75B)
Class org.objectweb.asm.ClassTooLargeException                                        : loaded 2 times (x 84B)
Class com.android.tools.idea.gradle.model.IdeBaseArtifactCore                         : loaded 2 times (x 72B)
Class com.android.tools.idea.gradle.model.IdeViewBindingOptions                       : loaded 2 times (x 72B)
Class com.amazon.ion.impl.bin.IonRawBinaryWriter$PatchPoint                           : loaded 2 times (x 74B)
Class com.amazon.ion.IonSequence                                                      : loaded 2 times (x 72B)
Class com.amazon.ion.IonBlob                                                          : loaded 2 times (x 72B)
Class com.amazon.ion.IonLob                                                           : loaded 2 times (x 72B)
Class com.android.tools.idea.gradle.project.sync.VariantNameResolutionKt$buildVariantNameResolver$1: loaded 2 times (x 77B)
Class com.android.tools.idea.gradle.model.impl.IdeVariantBuildInformationImpl         : loaded 2 times (x 78B)
Class com.android.tools.idea.gradle.project.sync.SyncProjectActionWorker$populateAndroidModels$2$variantDiscovery$1: loaded 2 times (x 80B)
Class org.jetbrains.kotlin.idea.projectModel.KotlinTaskProperties                     : loaded 2 times (x 72B)
Class [Lcom.google.common.collect.ImmutableMapEntry;                                  : loaded 2 times (x 71B)
Class com.google.gson.internal.bind.ObjectTypeAdapter                                 : loaded 2 times (x 76B)
Class com.intellij.gradle.toolingExtension.impl.util.GradleModelProviderUtil          : loaded 2 times (x 73B)
Class com.intellij.gradle.toolingExtension.impl.model.sourceSetDependencyModel.GradleSourceSetDependencyModelProvider: loaded 2 times (x 81B)
Class com.google.gson.internal.reflect.ReflectionHelper$RecordSupportedHelper         : loaded 2 times (x 80B)
Class com.google.common.collect.RangeGwtSerializationDependencies                     : loaded 2 times (x 73B)
Class org.objectweb.asm.Frame                                                         : loaded 2 times (x 75B)
Class org.objectweb.asm.MethodVisitor                                                 : loaded 2 times (x 107B)
Class com.android.ide.common.gradle.Version$Companion$ParseState$NUMERIC              : loaded 2 times (x 76B)
Class com.google.common.cache.LocalCache$EntryFactory$1                               : loaded 2 times (x 85B)
Class [Lcom.google.common.cache.RemovalListener;                                      : loaded 2 times (x 71B)
Class org.jetbrains.kotlin.gradle.idea.tcs.IdeaKotlinDependencyCoordinates            : loaded 2 times (x 72B)
Class com.intellij.gradle.toolingExtension.model.repositoryModel.RepositoryModel      : loaded 2 times (x 72B)
Class com.amazon.ion.system.IonTextWriterBuilder                                      : loaded 2 times (x 99B)
Class com.amazon.ion.impl.bin.IonManagedBinaryWriter$ImportedSymbolResolverMode$1$1$1 : loaded 2 times (x 78B)
Class com.amazon.ion.impl._Private_LocalSymbolTableFactory                            : loaded 2 times (x 72B)
Class com.android.tools.idea.gradle.project.sync.SyncVariantResult                    : loaded 2 times (x 74B)
Class com.android.builder.model.v2.models.TestSuiteSource                             : loaded 2 times (x 72B)
Class com.android.tools.idea.gradle.model.impl.IdeVectorDrawablesOptionsImpl          : loaded 2 times (x 77B)
Class org.jetbrains.kotlin.idea.gradleTooling.model.kapt.KaptSourceSetModel           : loaded 2 times (x 72B)
Class com.android.tools.idea.gradle.model.IdeBuildTypeContainer                       : loaded 2 times (x 72B)
Class com.android.tools.idea.gradle.model.impl.IdeJavaArtifactCoreImpl                : loaded 2 times (x 93B)
Class com.amazon.ion.impl.bin.IonManagedBinaryWriter$ImportedSymbolResolverMode$2     : loaded 2 times (x 82B)
Class com.google.gson.internal.bind.TypeAdapters$32                                   : loaded 2 times (x 78B)
Class org.gradle.tooling.internal.consumer.versioning.VersionDetails$R28VersionDetails: loaded 2 times (x 82B)
Class org.apache.commons.io.file.PathUtils                                            : loaded 2 times (x 73B)
Class com.google.common.cache.LocalCache$EntryFactory$2                               : loaded 2 times (x 85B)
Class com.google.gson.internal.bind.JsonAdapterAnnotationTypeAdapterFactory           : loaded 2 times (x 77B)
Class com.amazon.ion.impl.lite.IonNullLite                                            : loaded 2 times (x 178B)
Class com.android.tools.idea.gradle.model.IdeLintOptions                              : loaded 2 times (x 72B)
Class com.android.tools.idea.gradle.project.sync.VariantAssetSourceProviderContext    : loaded 2 times (x 74B)
Class com.android.tools.idea.gradle.project.sync.DefaultVariantsKt$getDefaultVariant$$inlined$compareBy$1: loaded 2 times (x 92B)
Class com.android.builder.model.v2.dsl.ClassField                                     : loaded 2 times (x 72B)
Class com.google.common.collect.Cut$BelowAll                                          : loaded 2 times (x 90B)
Class com.android.tools.idea.gradle.project.sync.AndroidExtraModelProviderWorkerKt    : loaded 2 times (x 73B)
Class org.gradle.tooling.model.kotlin.dsl.EditorPosition                              : loaded 2 times (x 72B)
Class org.jetbrains.plugins.gradle.tooling.util.ClassMap                              : loaded 2 times (x 74B)
Class org.gradle.internal.classloader.DefaultClassLoaderFactory                       : loaded 2 times (x 84B)
Class com.amazon.ion.impl.bin.IonManagedBinaryWriter$ImportedSymbolResolverMode$1     : loaded 2 times (x 82B)
Class com.amazon.ion.impl.lite.IonSymbolLite                                          : loaded 2 times (x 249B)
Class [Lcom.amazon.ion.impl.bin.IonRawBinaryWriter$StreamCloseMode;                   : loaded 2 times (x 71B)
Class com.google.common.collect.CollectCollectors                                     : loaded 2 times (x 73B)
Class org.objectweb.asm.ModuleWriter                                                  : loaded 2 times (x 83B)
Class com.google.common.cache.LocalCache$EntryFactory$3                               : loaded 2 times (x 85B)
Class com.google.common.base.Ticker$1                                                 : loaded 2 times (x 74B)
Class com.google.gson.internal.bind.NumberTypeAdapter                                 : loaded 2 times (x 76B)
Class com.google.common.collect.Maps$BiMapConverter                                   : loaded 2 times (x 92B)
Class com.google.common.collect.ImmutableMapEntrySet$RegularEntrySet                  : loaded 2 times (x 154B)
Class com.amazon.ion.impl.lite.IonClobLite                                            : loaded 2 times (x 223B)
Class com.amazon.ion.impl._Private_ValueFactory                                       : loaded 2 times (x 72B)
Class com.amazon.ion.impl.bin.IonRawBinaryWriter$PreallocationMode$1                  : loaded 2 times (x 83B)
Class [Lcom.amazon.ion.impl.bin._Private_IonManagedBinaryWriterBuilder$AllocatorMode; : loaded 2 times (x 71B)
Class com.android.tools.idea.gradle.model.IdeAndroidLibraryImpl$Companion             : loaded 2 times (x 73B)
Class com.android.tools.idea.gradle.model.IdeAndroidArtifactCore                      : loaded 2 times (x 72B)
Class com.android.tools.idea.gradle.model.impl.IdeApiVersionImpl                      : loaded 2 times (x 79B)
Class com.android.tools.idea.gradle.project.sync.AndroidProjectResult$Companion       : loaded 2 times (x 73B)
Class com.google.gson.JsonSyntaxException                                             : loaded 2 times (x 84B)
Class com.google.common.collect.SortedLists$KeyPresentBehavior$1                      : loaded 2 times (x 82B)
Class org.gradle.tooling.model.kotlin.dsl.EditorReportSeverity                        : loaded 2 times (x 81B)
Class com.intellij.gradle.toolingExtension.impl.modelAction.GradleDaemonModelHolder$ConvertedModel: loaded 2 times (x 74B)
Class org.gradle.tooling.internal.consumer.converters.EclipseExternalDependencyUnresolvedMixin: loaded 2 times (x 75B)
Class com.google.gson.internal.bind.TypeAdapters$31                                   : loaded 2 times (x 78B)
Class com.google.gson.internal.bind.JsonAdapterAnnotationTypeAdapterFactory$DummyTypeAdapterFactory: loaded 2 times (x 77B)
Class org.gradle.tooling.internal.consumer.versioning.VersionDetails$R44VersionDetails: loaded 2 times (x 82B)
Class org.jetbrains.kotlin.idea.projectModel.KotlinPlatform                           : loaded 2 times (x 81B)
Class com.google.common.base.Suppliers                                                : loaded 2 times (x 73B)
Class com.google.common.collect.SetMultimap                                           : loaded 2 times (x 72B)
Class com.google.common.collect.ImmutableSet$Builder                                  : loaded 2 times (x 87B)
Class com.google.common.cache.LocalCache$EntryFactory$4                               : loaded 2 times (x 85B)
Class [Lcom.google.common.cache.CacheBuilder$OneWeigher;                              : loaded 2 times (x 71B)
Class com.google.gson.ToNumberPolicy$1                                                : loaded 2 times (x 85B)
Class [Lcom.google.gson.FieldNamingStrategy;                                          : loaded 2 times (x 71B)
Class com.google.gson.internal.Excluder                                               : loaded 2 times (x 77B)
Class com.amazon.ion.IonInt                                                           : loaded 2 times (x 72B)
Class com.amazon.ion.impl.bin.IonRawBinaryWriter$PreallocationMode$2                  : loaded 2 times (x 83B)
Class com.android.tools.idea.gradle.model.IdeArtifactLibrary                          : loaded 2 times (x 72B)
Class org.objectweb.asm.MethodTooLargeException                                       : loaded 2 times (x 84B)
Class com.android.tools.idea.gradle.model.impl.IdeLintOptionsImpl                     : loaded 2 times (x 105B)
Class com.android.tools.idea.gradle.model.IdeSourceProviderContainer                  : loaded 2 times (x 72B)
Class com.google.common.collect.SortedLists$KeyPresentBehavior$2                      : loaded 2 times (x 82B)
Class com.google.common.base.Platform$JdkPatternCompiler                              : loaded 2 times (x 77B)
Class com.intellij.gradle.toolingExtension.impl.modelAction.GradleDaemonModelHolder   : loaded 2 times (x 78B)
Class org.gradle.tooling.model.kotlin.dsl.EditorReport                                : loaded 2 times (x 72B)
Class com.android.tools.idea.gradle.model.IdeBaseConfig                               : loaded 2 times (x 72B)
Class org.gradle.tooling.model.build.BuildEnvironment                                 : loaded 2 times (x 72B)
Class com.intellij.gradle.toolingExtension.impl.model.sourceSetModel.GradleSourceSetModelProvider: loaded 2 times (x 81B)
Class com.google.common.io.ByteStreams$1                                              : loaded 2 times (x 87B)
Class com.google.gson.internal.ReflectionAccessFilterHelper                           : loaded 2 times (x 73B)
Class com.google.gson.internal.reflect.ReflectionHelper$RecordHelper                  : loaded 2 times (x 77B)
Class com.google.common.cache.LocalCache$EntryFactory$5                               : loaded 2 times (x 85B)
Class com.google.gson.ToNumberPolicy$2                                                : loaded 2 times (x 85B)
Class com.amazon.ion.impl.bin.IonRawBinaryWriter$PreallocationMode$3                  : loaded 2 times (x 83B)
Class [Lcom.android.tools.idea.gradle.model.IdeTestOptions$Execution;                 : loaded 2 times (x 71B)
Class com.android.builder.model.v2.models.AssetsTestSuiteSource                       : loaded 2 times (x 72B)
Class com.intellij.util.ThrowableConsumer                                             : loaded 2 times (x 72B)
Class com.google.common.collect.SortedLists$KeyPresentBehavior$3                      : loaded 2 times (x 82B)
Class org.gradle.internal.impldep.com.google.common.base.Present                      : loaded 2 times (x 83B)
Class org.gradle.tooling.internal.consumer.connection.HasCompatibilityMapping         : loaded 2 times (x 75B)
Class com.google.gson.TypeAdapterFactory                                              : loaded 2 times (x 72B)
Class com.google.gson.internal.bind.JsonTreeReader                                    : loaded 2 times (x 99B)
Class org.gradle.tooling.internal.consumer.connection.InternalBuildActionAdapter      : loaded 2 times (x 82B)
Class com.google.gson.internal.bind.TypeAdapters$30                                   : loaded 2 times (x 78B)
Class org.apache.commons.io.output.AppendableWriter                                   : loaded 2 times (x 102B)
Class com.google.gson.internal.bind.ReflectiveTypeAdapterFactory$FieldsData           : loaded 2 times (x 74B)
Class com.google.common.collect.HashMultimap                                          : loaded 2 times (x 175B)
Class com.google.common.cache.LocalCache$EntryFactory$6                               : loaded 2 times (x 85B)
Class com.google.gson.ToNumberPolicy$3                                                : loaded 2 times (x 85B)
Class org.jetbrains.plugins.gradle.model.GradleExtension                              : loaded 2 times (x 72B)
Class com.amazon.ion.impl.lite.IonDecimalLite                                         : loaded 2 times (x 191B)
Class com.amazon.ion.IonBufferConfiguration$Builder                                   : loaded 2 times (x 80B)
Class org.gradle.internal.installation.CurrentGradleInstallationLocator               : loaded 2 times (x 73B)
Class org.objectweb.asm.ClassVisitor                                                  : loaded 2 times (x 90B)
Class com.google.common.collect.SortedLists                                           : loaded 2 times (x 73B)
Class [Lcom.google.common.collect.SortedLists$KeyPresentBehavior;                     : loaded 2 times (x 71B)
Class com.google.common.collect.SortedLists$KeyPresentBehavior$4                      : loaded 2 times (x 82B)
Class [Lorg.objectweb.asm.Symbol;                                                     : loaded 2 times (x 71B)
Class org.gradle.tooling.model.idea.IdeaJavaLanguageSettings                          : loaded 2 times (x 72B)
Class org.gradle.tooling.internal.consumer.converters.IdeaModuleDependencyTargetNameMixin: loaded 2 times (x 75B)
Class org.jetbrains.plugins.gradle.tooling.serialization.internal.adapter.kotlin.dsl.InternalKotlinDslScriptsModel: loaded 2 times (x 78B)
Class org.gradle.tooling.internal.adapter.ProtocolToModelAdapter$ChainedMethodInvoker : loaded 2 times (x 78B)
Class com.android.tools.idea.gradle.project.sync.AgpVersionsMismatch                  : loaded 2 times (x 84B)
Class [Lcom.android.tools.idea.gradle.project.sync.ModelFeature;                      : loaded 2 times (x 71B)
Class com.android.tools.idea.gradle.project.sync.ModelCache$V2                        : loaded 2 times (x 72B)
Class com.google.common.collect.ImmutableMultimap$Builder                             : loaded 2 times (x 88B)
Class org.objectweb.asm.ClassReader                                                   : loaded 2 times (x 96B)
Class org.apache.commons.io.output.ThresholdingOutputStream                           : loaded 2 times (x 97B)
Class com.google.common.collect.Maps$KeySet                                           : loaded 2 times (x 139B)
Class com.google.common.collect.ImmutableSet$EmptySetBuilderImpl                      : loaded 2 times (x 78B)
Class com.google.common.cache.LocalCache$EntryFactory$7                               : loaded 2 times (x 85B)
Class com.google.gson.ToNumberPolicy$4                                                : loaded 2 times (x 85B)
Class [Lcom.amazon.ion.impl.bin.IonRawBinaryWriter$ContainerType;                     : loaded 2 times (x 71B)
Class org.gradle.internal.service.DefaultServiceLocator                               : loaded 2 times (x 85B)
Class com.android.tools.idea.gradle.project.sync.VariantNameResolutionKt              : loaded 2 times (x 73B)
Class kotlin.jvm.internal.FunctionAdapter                                             : loaded 2 times (x 72B)
Class com.google.common.collect.SortedLists$KeyPresentBehavior$5                      : loaded 2 times (x 82B)
Class com.amazon.ion.system.IonBinaryWriterBuilder                                    : loaded 2 times (x 101B)
Class com.amazon.ion.impl.bin.IonManagedBinaryWriter$UserState$4                      : loaded 2 times (x 87B)
Class com.google.common.collect.ImmutableMap$MapViewOfValuesAsSingletonSets           : loaded 2 times (x 128B)
Class org.jetbrains.plugins.gradle.model.FilePatternSet                               : loaded 2 times (x 72B)
Class org.jetbrains.plugins.gradle.model.GradleLightProject                           : loaded 2 times (x 72B)
Class com.google.common.collect.RegularImmutableMap                                   : loaded 2 times (x 122B)
Class com.android.tools.idea.gradle.project.sync.AdditionalClassifierArtifactsActionOptions: loaded 2 times (x 74B)
Class com.google.common.io.ByteArrayDataOutput                                        : loaded 2 times (x 72B)
Class com.google.common.collect.ImmutableMultimap$EntryCollection                     : loaded 2 times (x 130B)
Class org.apache.commons.io.build.AbstractOrigin$URIOrigin                            : loaded 2 times (x 91B)
Class com.google.common.collect.Maps$EntrySet                                         : loaded 2 times (x 138B)
Class com.google.common.cache.LocalCache$EntryFactory$8                               : loaded 2 times (x 85B)
Class com.google.gson.internal.sql.SqlTypesSupport                                    : loaded 2 times (x 73B)
Class com.google.gson.Gson                                                            : loaded 2 times (x 74B)
Class com.amazon.ion.impl.bin.utf8.Utf8StringEncoder$Result                           : loaded 2 times (x 76B)
Class com.amazon.ion.impl.bin.utf8.Pool$Allocator                                     : loaded 2 times (x 72B)
Class com.amazon.ion.IonText                                                          : loaded 2 times (x 72B)
Class com.amazon.ion.impl.SymbolTokenImpl                                             : loaded 2 times (x 83B)
Class com.amazon.ion.SubstituteSymbolTableException                                   : loaded 2 times (x 86B)
Class org.gradle.internal.installation.CurrentGradleInstallation                      : loaded 2 times (x 75B)
Class org.gradle.tooling.internal.consumer.connection.ToolingParameterProxy           : loaded 2 times (x 78B)
Class com.android.tools.idea.gradle.project.sync.LibraryIdentity$LibraryIdentityProvider$special$$inlined$compareBy$1: loaded 2 times (x 92B)
Class com.android.tools.idea.gradle.project.sync.VariantDef                           : loaded 2 times (x 74B)
Class com.android.tools.idea.gradle.project.sync.ClasspathIdentifier                  : loaded 2 times (x 74B)
Class com.amazon.ion.IonException                                                     : loaded 2 times (x 86B)
Class com.android.tools.idea.gradle.project.sync.GradleInjectedSyncActionRunner       : loaded 2 times (x 72B)
Class com.amazon.ion.util.GzipStreamInterceptor                                       : loaded 2 times (x 87B)
Class com.amazon.ion.impl.bin.IonManagedBinaryWriter$UserState$3                      : loaded 2 times (x 87B)
Class com.google.gson.JsonObject                                                      : loaded 2 times (x 95B)
Class com.google.common.util.concurrent.ExecutionError                                : loaded 2 times (x 84B)
Class com.google.common.collect.ImmutableEnumSet                                      : loaded 2 times (x 148B)
Class com.google.common.collect.AbstractMapBasedMultimap$WrappedCollection            : loaded 2 times (x 126B)
Class org.apache.commons.compress.utils.IOUtils                                       : loaded 2 times (x 73B)
Class org.jetbrains.kotlin.idea.projectModel.KotlinTargetJar                          : loaded 2 times (x 72B)
Class com.google.common.cache.CacheLoader$1                                           : loaded 2 times (x 77B)
Class com.google.gson.Gson$1                                                          : loaded 2 times (x 78B)
Class com.amazon.ion.impl.bin.IonManagedBinaryWriter$ImportDescriptor                 : loaded 2 times (x 78B)
Class com.amazon.ion.SymbolTable                                                      : loaded 2 times (x 72B)
Class ijInit1_6owubyqclomqbo3lc58vbhdij                                               : loaded 2 times (x 173B)
Class org.gradle.util.internal.GUtil                                                  : loaded 2 times (x 73B)
Class com.android.tools.idea.gradle.model.impl.IdeVariantCoreImpl                     : loaded 2 times (x 110B)
Class com.android.tools.idea.gradle.model.impl.IdeExtraSourceProviderImpl             : loaded 2 times (x 78B)
Class com.intellij.gradle.toolingExtension.modelAction.GradleModelFetchPhase$ProjectLoaded: loaded 2 times (x 72B)
Class com.android.tools.idea.gradle.project.sync.AgpVersionTooOld                     : loaded 2 times (x 84B)
Class com.intellij.gradle.toolingExtension.modelProvider.GradleClassProjectModelProvider: loaded 2 times (x 82B)
Class com.android.tools.idea.gradle.model.impl.FileImpl                               : loaded 2 times (x 123B)
Class com.android.tools.idea.gradle.model.IdeVectorDrawablesOptions                   : loaded 2 times (x 72B)
Class com.android.tools.idea.gradle.model.IdeSourceProvider                           : loaded 2 times (x 74B)
Class com.google.common.io.ByteSource                                                 : loaded 2 times (x 86B)
Class org.apache.commons.io.build.AbstractOrigin$InputStreamOrigin                    : loaded 2 times (x 91B)
Class com.android.utils.StringHelper                                                  : loaded 2 times (x 73B)
Class com.google.common.cache.AbstractCache$StatsCounter                              : loaded 2 times (x 72B)
Class com.google.gson.Gson$2                                                          : loaded 2 times (x 78B)
Class [Lcom.amazon.ion.impl.bin.IonManagedBinaryWriter$SymbolState;                   : loaded 2 times (x 71B)
Class com.amazon.ion.impl._Private_IonWriterBase                                      : loaded 2 times (x 164B)
Class com.amazon.ion.system.IonSystemBuilder                                          : loaded 2 times (x 77B)
Class com.amazon.ion.IonCatalog                                                       : loaded 2 times (x 72B)
Class sync_studio_tooling1_6ybtj18hzs0ayir9ofah66dnt                                  : loaded 2 times (x 173B)
Class com.android.tools.idea.gradle.model.IdeTestOptions                              : loaded 2 times (x 72B)
Class org.gradle.internal.classloader.ClassLoaderHierarchy                            : loaded 2 times (x 72B)
Class com.android.builder.model.v2.ide.TestSuiteTarget                                : loaded 2 times (x 72B)
Class com.amazon.ion.impl._Private_IonValue                                           : loaded 2 times (x 72B)
Class com.amazon.ion.impl.bin.IonManagedBinaryWriter$UserState$2                      : loaded 2 times (x 87B)
Class com.google.common.collect.SortedSetMultimap                                     : loaded 2 times (x 72B)
Class com.google.common.io.FileWriteMode                                              : loaded 2 times (x 81B)
Class org.gradle.tooling.model.gradle.BasicGradleProject                              : loaded 2 times (x 72B)
Class org.gradle.tooling.internal.consumer.converters.IncludedBuildsMixin             : loaded 2 times (x 76B)
Class com.android.tools.idea.gradle.project.sync.HasLintJar                           : loaded 2 times (x 72B)
Class com.android.tools.idea.gradle.project.sync.ModelFetchersKt$findNativeModuleModel$1: loaded 2 times (x 76B)
Class com.android.tools.idea.gradle.project.sync.VariantDiscovery$toProjectGraphAction$1$projectGraph$1: loaded 2 times (x 77B)
Class org.gradle.internal.classloader.FilteringClassLoader                            : loaded 2 times (x 106B)
Class com.amazon.ion.impl.bin.IonManagedBinaryWriter$UserState$1                      : loaded 2 times (x 87B)
Class org.objectweb.asm.Context                                                       : loaded 2 times (x 74B)
Class org.apache.commons.io.build.AbstractOrigin$ReaderOrigin                         : loaded 2 times (x 91B)
Class com.google.common.io.LineBuffer                                                 : loaded 2 times (x 77B)
Class com.google.gson.internal.bind.ReflectiveTypeAdapterFactory$BoundField           : loaded 2 times (x 77B)
Class com.google.gson.Gson$3                                                          : loaded 2 times (x 77B)
Class org.gradle.internal.installation.GradleInstallation                             : loaded 2 times (x 77B)
Class com.android.tools.idea.gradle.project.sync.AgpCompatibilityKt                   : loaded 2 times (x 73B)
Class com.google.common.collect.RegularImmutableMap$KeySet                            : loaded 2 times (x 154B)
Class com.google.gson.internal.bind.ObjectTypeAdapter$1                               : loaded 2 times (x 78B)
Class com.google.common.base.Equivalence$Identity                                     : loaded 2 times (x 84B)
Class com.google.common.base.PairwiseEquivalence                                      : loaded 2 times (x 85B)
Class org.gradle.tooling.internal.adapter.ProtocolToModelAdapter$2                    : loaded 2 times (x 80B)
Class com.google.gson.Gson$FutureTypeAdapter                                          : loaded 2 times (x 78B)
Class com.google.common.collect.Iterables                                             : loaded 2 times (x 73B)
Class com.google.gson.internal.bind.DefaultDateTypeAdapter$1                          : loaded 2 times (x 77B)
Class com.google.gson.Gson$4                                                          : loaded 2 times (x 78B)
Class com.google.gson.internal.ConstructorConstructor                                 : loaded 2 times (x 74B)
Class com.amazon.ion.impl.lite.ContainerlessContext                                   : loaded 2 times (x 82B)
Class com.google.common.io.LineReader                                                 : loaded 2 times (x 74B)
Class org.jetbrains.plugins.gradle.model.ProjectImportModelProvider$GradleModelConsumer: loaded 2 times (x 72B)
Class com.android.tools.idea.gradle.project.sync.ModelFeature                         : loaded 2 times (x 81B)
Class com.android.tools.idea.gradle.model.impl.IdeBuildTypeImpl                       : loaded 2 times (x 95B)
Class com.android.tools.idea.gradle.model.impl.IdeAndroidArtifactCoreImpl             : loaded 2 times (x 105B)
Class org.gradle.tooling.model.internal.Exceptions                                    : loaded 2 times (x 73B)
Class com.amazon.ion.impl.lite._Private_LiteDomTrampoline                             : loaded 2 times (x 73B)
Class org.gradle.tooling.UnsupportedVersionException                                  : loaded 2 times (x 85B)
Class com.intellij.gradle.toolingExtension.impl.model.buildScriptClasspathModel.GradleBuildScriptClasspathModelProvider: loaded 2 times (x 81B)
Class com.intellij.gradle.toolingExtension.impl.modelAction.GradleModelFetchAction    : loaded 2 times (x 88B)
Class org.gradle.tooling.BuildAction                                                  : loaded 2 times (x 72B)
Class com.google.gson.ReflectionAccessFilter$FilterResult                             : loaded 2 times (x 81B)
Class com.android.ide.common.gradle.Part                                              : loaded 2 times (x 79B)
Class com.google.gson.Gson$5                                                          : loaded 2 times (x 78B)
Class gnu.trove.PrimeFinder                                                           : loaded 2 times (x 73B)
Class com.amazon.ion.UnexpectedEofException                                           : loaded 2 times (x 86B)
Class com.amazon.ion.IonSexp                                                          : loaded 2 times (x 72B)
Class com.amazon.ion.ReadOnlyValueException                                           : loaded 2 times (x 86B)
Class com.amazon.ion.impl._Private_LocalSymbolTable                                   : loaded 2 times (x 72B)
Class com.amazon.ion.BufferConfiguration$DataHandler                                  : loaded 2 times (x 72B)
Class com.amazon.ion.impl._Private_IonBinaryWriterBuilder                             : loaded 2 times (x 117B)

---------------  S Y S T E M  ---------------

OS:
 Windows 11 , 64 bit Build 26100 (10.0.26100.8875)
OS uptime: 2 days 12:16 hours

CPU: total 8 (initial active 8) (4 cores per cpu, 2 threads per core) family 6 model 140 stepping 1 microcode 0xbe, cx8, cmov, fxsr, ht, mmx, 3dnowpref, sse, sse2, sse3, ssse3, sse4.1, sse4.2, popcnt, lzcnt, tsc, tscinvbit, avx, avx2, aes, erms, clmul, bmi1, bmi2, adx, avx512f, avx512dq, avx512cd, avx512bw, avx512vl, sha, fma, vzeroupper, avx512_vpopcntdq, avx512_vpclmulqdq, avx512_vaes, avx512_vnni, clflush, clflushopt, clwb, avx512_vbmi2, avx512_vbmi, rdtscp, rdpid, fsrm, gfni, avx512_bitalg, f16c, pku, cet_ibt, cet_ss, avx512_ifma
Processor Information for processor 0
  Max Mhz: 2419, Current Mhz: 1007, Mhz Limit: 2419
Processor Information for processor 1
  Max Mhz: 2419, Current Mhz: 1007, Mhz Limit: 2419
Processor Information for processor 2
  Max Mhz: 2419, Current Mhz: 1007, Mhz Limit: 2419
Processor Information for processor 3
  Max Mhz: 2419, Current Mhz: 2419, Mhz Limit: 2419
Processor Information for processor 4
  Max Mhz: 2419, Current Mhz: 1007, Mhz Limit: 2419
Processor Information for processor 5
  Max Mhz: 2419, Current Mhz: 1007, Mhz Limit: 2419
Processor Information for processor 6
  Max Mhz: 2419, Current Mhz: 2419, Mhz Limit: 2419
Processor Information for processor 7
  Max Mhz: 2419, Current Mhz: 2419, Mhz Limit: 2419

Memory: 4k page, system-wide physical 7872M (1677M free)
TotalPageFile size 7872M (AvailPageFile size 1129M)
current process WorkingSet (physical memory assigned to process): 683M, peak: 683M
current process commit charge ("private bytes"): 717M, peak: 720M

vm_info: OpenJDK 64-Bit Server VM (25.0.2+-15348964-b329.117) for windows-amd64 JRE (25.0.2+-15348964-b329.117), built on 2026-05-05T18:25:19Z with MS VC++ 16.10 / 16.11 (VS2019)

END.
